Country,Year,Continent,Population,GDP per capita,Obesity among adults
Albania,2000,Europe,3089027,3860.804627,12.8
Albania,2001,Europe,3060173,4299.546493,13.3
Albania,2002,Europe,3051010,4661.402695,13.9
Albania,2003,Europe,3039616,5000.049363,14.4
Albania,2004,Europe,3026939,5427.732662,15.0
Albania,2005,Europe,3011487,5865.301904,15.6
Albania,2006,Europe,2992547,6566.572828,16.2
Albania,2007,Europe,2970017,7283.342638,16.9
Albania,2008,Europe,2947314,8228.348041,17.5
Albania,2009,Europe,2927519,8813.029461,18.1
Albania,2010,Europe,2913021,9628.721962,18.7
Albania,2011,Europe,2905195,10207.76757,19.3
Albania,2012,Europe,2900401,10526.25918,19.9
Albania,2013,Europe,2895092,10570.96373,20.5
Albania,2014,Europe,2889104,11259.26751,21.1
Albania,2015,Europe,2880703,11658.90552,21.7
Algeria,2000,Africa,31042238,8436.99096,15.0
Algeria,2001,Africa,31451513,8770.253502,15.5
Algeria,2002,Africa,31855110,9286.56088,16.1
Algeria,2003,Africa,32264159,10022.96478,16.7
Algeria,2004,Africa,32692153,10594.04572,17.3
Algeria,2005,Africa,33149720,11411.19178,17.9
Algeria,2006,Africa,33641007,11788.56019,18.6
Algeria,2007,Africa,34166976,12326.07701,19.2
Algeria,2008,Africa,34730604,12655.21847,19.9
Algeria,2009,Africa,35333882,12719.17915,20.7
Algeria,2010,Africa,35977451,13096.88473,21.4
Algeria,2011,Africa,36661438,13500.04479,22.2
Algeria,2012,Africa,37383899,13303.32752,23.1
Algeria,2013,Africa,38140135,13056.80259,23.9
Algeria,2014,Africa,38923688,13003.26686,24.8
Algeria,2015,Africa,39728020,12015.64053,25.7
Angola,2000,Africa,16395477,3271.270265,3.0
Angola,2001,Africa,16945753,3372.470708,3.1
Angola,2002,Africa,17519418,3765.608654,3.3
Angola,2003,Africa,18121477,3823.350144,3.5
Angola,2004,Africa,18758138,4208.038928,3.7
Angola,2005,Africa,19433604,4818.776561,3.9
Angola,2006,Africa,20149905,5344.22385,4.1
Angola,2007,Africa,20905360,6031.482423,4.3
Angola,2008,Africa,21695636,6584.875135,4.6
Angola,2009,Africa,22514275,6441.035242,4.8
Angola,2010,Africa,23356247,6588.835076,5.1
Angola,2011,Africa,24220660,6710.750725,5.3
Angola,2012,Africa,25107925,7412.967137,5.6
Angola,2013,Africa,26015786,7682.475646,5.9
Angola,2014,Africa,26941773,8179.297828,6.2
Angola,2015,Africa,27884380,7337.569901,6.5
Argentina,2000,South America,36870796,11605.59228,20.5
Argentina,2001,South America,37275644,11220.65623,20.9
Argentina,2002,South America,37681743,10044.61804,21.4
Argentina,2003,South America,38087866,11029.15507,21.8
Argentina,2004,South America,38491970,12218.20932,22.3
Argentina,2005,South America,38892924,13575.3709,22.8
Argentina,2006,South America,39289876,14967.625,23.2
Argentina,2007,South America,39684303,16590.24897,23.7
Argentina,2008,South America,40080159,17420.68009,24.2
Argentina,2009,South America,40482786,16330.6328,24.7
Argentina,2010,South America,40788453,18063.91434,25.3
Argentina,2011,South America,41261490,19322.22712,25.8
Argentina,2012,South America,41733271,19641.35286,26.3
Argentina,2013,South America,42202935,20131.68042,26.9
Argentina,2014,South America,42669500,19683.77151,27.4
Argentina,2015,South America,43131966,20105.19899,28.0
Armenia,2000,Asia,3069597,2655.323984,14.4
Armenia,2001,Asia,3050686,2994.248091,14.6
Armenia,2002,Asia,3033976,3461.274065,14.9
Armenia,2003,Asia,3017938,4045.110743,15.1
Armenia,2004,Asia,3000715,4616.180285,15.4
Armenia,2005,Asia,2981262,5458.089259,15.7
Armenia,2006,Asia,2958301,6418.636417,16.0
Armenia,2007,Asia,2932615,7560.868364,16.3
Armenia,2008,Asia,2907615,8308.414216,16.7
Armenia,2009,Asia,2888094,7231.220897,17.0
Armenia,2010,Asia,2877314,7507.144766,17.5
Armenia,2011,Asia,2876536,8025.458485,17.9
Armenia,2012,Asia,2884239,9364.375299,18.5
Armenia,2013,Asia,2897593,9835.802461,19.0
Armenia,2014,Asia,2912403,10036.88984,19.6
Armenia,2015,Asia,2925559,9969.664854,20.2
Australia,2000,Oceania,19153000,26343.0767,21.0
Australia,2001,Oceania,19413000,27439.82779,21.7
Australia,2002,Oceania,19651400,28768.72863,22.3
Australia,2003,Oceania,19895400,29807.40956,22.9
Australia,2004,Oceania,20127400,31407.46145,23.5
Australia,2005,Oceania,20394800,32653.40162,24.0
Australia,2006,Oceania,20697900,34369.61939,24.6
Australia,2007,Oceania,20827600,36599.85073,25.1
Australia,2008,Oceania,21249200,37499.52513,25.7
Australia,2009,Oceania,21691700,40281.79967,26.2
Australia,2010,Oceania,22031750,39336.66348,26.7
Australia,2011,Oceania,22340024,42003.15806,27.3
Australia,2012,Oceania,22733465,42836.67186,27.9
Australia,2013,Oceania,23128129,45906.44004,28.5
Australia,2014,Oceania,23475686,46880.89518,29.1
Australia,2015,Oceania,23815995,46248.61646,29.8
Austria,2000,Europe,8011566,29376.01974,15.0
Austria,2001,Europe,8042293,29702.79753,15.4
Austria,2002,Europe,8081957,31178.69333,15.8
Austria,2003,Europe,8121423,32144.24181,16.2
Austria,2004,Europe,8171966,33773.82578,16.6
Austria,2005,Europe,8227829,35013.71404,17.0
Austria,2006,Europe,8268641,37662.18517,17.5
Austria,2007,Europe,8295487,39430.60917,17.9
Austria,2008,Europe,8321496,41316.22518,18.3
Austria,2009,Europe,8343323,40918.13212,18.7
Austria,2010,Europe,8363404,42009.43853,19.2
Austria,2011,Europe,8391643,44452.73275,19.6
Austria,2012,Europe,8429991,46457.34578,20.1
Austria,2013,Europe,8479823,47922.04912,20.5
Austria,2014,Europe,8546356,48799.71547,21.0
Austria,2015,Europe,8642699,49865.90394,21.5
Bahrain,2000,Asia,664610,42133.98012,21.2
Bahrain,2001,Asia,697550,42071.24668,21.5
Bahrain,2002,Asia,735140,41899.754,21.7
Bahrain,2003,Asia,778708,42875.91163,21.9
Bahrain,2004,Asia,829846,44197.88582,22.1
Bahrain,2005,Asia,889157,45422.94184,22.5
Bahrain,2006,Asia,958423,46249.75444,22.9
Bahrain,2007,Asia,1035924,47590.92303,23.4
Bahrain,2008,Asia,1114645,47893.28238,23.9
Bahrain,2009,Asia,1185075,46487.14945,24.5
Bahrain,2010,Asia,1240864,46878.08608,25.0
Bahrain,2011,Asia,1278153,47377.49831,25.6
Bahrain,2012,Asia,1299942,50675.62102,26.2
Bahrain,2013,Asia,1315029,51494.41172,26.8
Bahrain,2014,Asia,1336073,51101.97702,27.4
Bahrain,2015,Asia,1371853,45575.78357,28.1
Bangladesh,2000,Asia,127657862,1330.03556,1.1
Bangladesh,2001,Asia,130088709,1402.348408,1.2
Bangladesh,2002,Asia,132478077,1452.12448,1.3
Bangladesh,2003,Asia,134791598,1524.346032,1.4
Bangladesh,2004,Asia,136986429,1620.885204,1.5
Bangladesh,2005,Asia,139035505,1754.727931,1.6
Bangladesh,2006,Asia,140921154,1903.738526,1.7
Bangladesh,2007,Asia,142660381,2067.677468,1.8
Bangladesh,2008,Asia,144304164,2208.616328,1.9
Bangladesh,2009,Asia,145924795,2308.982807,2.1
Bangladesh,2010,Asia,147575433,2439.337003,2.2
Bangladesh,2011,Asia,149273134,2620.83379,2.4
Bangladesh,2012,Asia,151005733,2937.628798,2.6
Bangladesh,2013,Asia,152761413,3143.585503,2.7
Bangladesh,2014,Asia,154517385,3368.056164,2.9
Bangladesh,2015,Asia,156256287,3555.50526,3.1
Belarus,2000,Europe,9979610,5801.75813,19.9
Belarus,2001,Europe,9928549,6244.747744,20.2
Belarus,2002,Europe,9865548,6704.592279,20.6
Belarus,2003,Europe,9796749,7369.845906,20.9
Belarus,2004,Europe,9730146,8491.894839,21.3
Belarus,2005,Europe,9663915,9647.121181,21.7
Belarus,2006,Europe,9604924,11006.45591,22.1
Belarus,2007,Europe,9560953,12332.50292,22.4
Belarus,2008,Europe,9527985,13898.99968,22.8
Belarus,2009,Europe,9504583,14050.57156,23.3
Belarus,2010,Europe,9483836,15361.83171,23.7
Belarus,2011,Europe,9461643,16563.20141,24.1
Belarus,2012,Europe,9446836,18105.28672,24.6
Belarus,2013,Europe,9443211,18994.19019,25.1
Belarus,2014,Europe,9448515,19008.06102,25.6
Belarus,2015,Europe,9461076,18095.66518,26.1
Belgium,2000,Europe,10251250,27784.5715,18.6
Belgium,2001,Europe,10286570,28788.06284,19.0
Belgium,2002,Europe,10332785,30282.28865,19.4
Belgium,2003,Europe,10376133,30932.85251,19.7
Belgium,2004,Europe,10421137,32063.08032,20.1
Belgium,2005,Europe,10478617,33177.89095,20.5
Belgium,2006,Europe,10547958,35259.18671,20.8
Belgium,2007,Europe,10625700,36791.20043,21.1
Belgium,2008,Europe,10709973,37883.33194,21.5
Belgium,2009,Europe,10796493,37749.50954,21.8
Belgium,2010,Europe,10895586,39840.0882,22.2
Belgium,2011,Europe,11038264,40942.37271,22.5
Belgium,2012,Europe,11106932,42290.76205,22.9
Belgium,2013,Europe,11159407,43671.11959,23.3
Belgium,2014,Europe,11209057,44929.68559,23.7
Belgium,2015,Europe,11274196,46200.90445,24.1
Benin,2000,Africa,6865946,1757.721011,4.2
Benin,2001,Africa,7076728,1836.786562,4.4
Benin,2002,Africa,7295400,1893.515263,4.6
Benin,2003,Africa,7520556,1937.578233,4.8
Benin,2004,Africa,7750003,2016.210145,5.0
Benin,2005,Africa,7982223,2053.527482,5.2
Benin,2006,Africa,8216893,2137.533893,5.4
Benin,2007,Africa,8454790,2261.251548,5.6
Benin,2008,Africa,8696915,2350.165251,5.9
Benin,2009,Africa,8944713,2353.04098,6.1
Benin,2010,Africa,9199254,2364.378796,6.4
Benin,2011,Africa,9460829,2416.327362,6.7
Benin,2012,Africa,9729254,2498.495773,7.0
Benin,2013,Africa,10004594,2669.68822,7.3
Benin,2014,Africa,10286839,2833.412753,7.6
Benin,2015,Africa,10575962,2886.829137,7.9
Bolivia,2000,South America,8418270,3433.710745,11.8
Bolivia,2001,South America,8580244,3502.793542,12.2
Bolivia,2002,South America,8742822,3578.010881,12.6
Bolivia,2003,South America,8905820,3678.963876,13.0
Bolivia,2004,South America,9069044,3864.549149,13.4
Bolivia,2005,South America,9232301,4088.364241,13.8
Bolivia,2006,South America,9395449,4339.990861,14.2
Bolivia,2007,South America,9558438,4581.253662,14.6
Bolivia,2008,South America,9721457,4873.089266,15.0
Bolivia,2009,South America,9884790,4985.203837,15.5
Bolivia,2010,South America,10048597,5167.676741,15.9
Bolivia,2011,South America,10212951,5460.257058,16.3
Bolivia,2012,South America,10377677,5921.648907,16.8
Bolivia,2013,South America,10542375,6624.805923,17.3
Bolivia,2014,South America,10706517,7056.828365,17.7
Bolivia,2015,South America,10869732,7133.873145,18.2
Botswana,2000,Africa,1643333,8452.352765,10.9
Botswana,2001,Africa,1674674,8502.284578,11.2
Botswana,2002,Africa,1704637,8997.897967,11.6
Botswana,2003,Africa,1734387,9435.260581,11.9
Botswana,2004,Africa,1765533,9775.154595,12.2
Botswana,2005,Africa,1799077,10344.53343,12.5
Botswana,2006,Africa,1835911,11323.78141,12.8
Botswana,2007,Africa,1875458,12326.85119,13.1
Botswana,2008,Africa,1915636,13067.94811,13.4
Botswana,2009,Africa,1953495,11909.92073,13.7
Botswana,2010,Africa,1987106,12863.90135,14.1
Botswana,2011,Africa,2015406,13729.85927,14.4
Botswana,2012,Africa,2039551,13091.98012,14.7
Botswana,2013,Africa,2062551,14168.08218,15.0
Botswana,2014,Africa,2088619,15702.87275,15.4
Botswana,2015,Africa,2120716,14639.55843,15.8
Brazil,2000,South America,174790339,9050.494048,13.5
Brazil,2001,South America,177196051,9255.634759,14.0
Brazil,2002,South America,179537523,9560.575067,14.5
Brazil,2003,South America,181809244,9737.27738,15.0
Brazil,2004,South America,184006479,10448.31334,15.5
Brazil,2005,South America,186127108,10994.30767,16.0
Brazil,2006,South America,188167353,11654.82481,16.6
Brazil,2007,South America,190130445,12565.2614,17.1
Brazil,2008,South America,192030362,13325.47284,17.7
Brazil,2009,South America,193886505,13265.78507,18.2
Brazil,2010,South America,195713637,14301.12268,18.8
Brazil,2011,South America,197514541,15040.06109,19.4
Brazil,2012,South America,199287292,15046.29018,19.9
Brazil,2013,South America,201035904,15588.72613,20.5
Brazil,2014,South America,202763744,15718.56495,21.1
Brazil,2015,South America,204471759,14744.11363,21.7
Brunei Darussalam,2000,Asia,333166,66363.6504,6.4
Brunei Darussalam,2001,Asia,340037,68312.04123,6.8
Brunei Darussalam,2002,Asia,346777,70662.41315,7.3
Brunei Darussalam,2003,Asia,353295,72781.51242,7.7
Brunei Darussalam,2004,Asia,359434,73829.28067,8.2
Brunei Darussalam,2005,Asia,365112,75250.76151,8.7
Brunei Darussalam,2006,Asia,370262,79857.70173,9.1
Brunei Darussalam,2007,Asia,374967,81111.9517,9.6
Brunei Darussalam,2008,Asia,379418,80113.13536,10.1
Brunei Darussalam,2009,Asia,383902,78278.83177,10.7
Brunei Darussalam,2010,Asia,388634,80288.8249,11.2
Brunei Darussalam,2011,Asia,393687,83935.22572,11.7
Brunei Darussalam,2012,Asia,398997,88245.95835,12.3
Brunei Darussalam,2013,Asia,404414,83788.51089,12.9
Brunei Darussalam,2014,Asia,409778,81371.23087,13.5
Brunei Darussalam,2015,Asia,414914,62540.62522,14.1
Bulgaria,2000,Europe,8170172,6421.959135,20.0
Bulgaria,2001,Europe,8009142,6958.978417,20.3
Bulgaria,2002,Europe,7837161,7786.448422,20.7
Bulgaria,2003,Europe,7775327,8416.983667,21.1
Bulgaria,2004,Europe,7716860,9201.504128,21.5
Bulgaria,2005,Europe,7658972,10291.43777,22.0
Bulgaria,2006,Europe,7601022,11408.11806,22.4
Bulgaria,2007,Europe,7545338,12811.35877,22.9
Bulgaria,2008,Europe,7492561,14335.7146,23.3
Bulgaria,2009,Europe,7444443,14181.15468,23.8
Bulgaria,2010,Europe,7395599,14956.48718,24.3
Bulgaria,2011,Europe,7348328,15747.08538,24.8
Bulgaria,2012,Europe,7305888,16327.87261,25.3
Bulgaria,2013,Europe,7265115,16647.0064,25.8
Bulgaria,2014,Europe,7223938,17616.91318,26.4
Bulgaria,2015,Europe,7177991,18391.92747,26.9
Cambodia,2000,Asia,12155241,1074.188351,1.3
Cambodia,2001,Asia,12405411,1163.935071,1.4
Cambodia,2002,Asia,12637719,1236.684802,1.4
Cambodia,2003,Asia,12856171,1345.108021,1.5
Cambodia,2004,Asia,13066475,1499.511931,1.6
Cambodia,2005,Asia,13273355,1724.152771,1.7
Cambodia,2006,Asia,13477705,1938.942114,1.8
Cambodia,2007,Asia,13679953,2162.262704,1.9
Cambodia,2008,Asia,13883835,2316.671001,2.1
Cambodia,2009,Asia,14093605,2298.808614,2.2
Cambodia,2010,Asia,14312205,2427.510581,2.4
Cambodia,2011,Asia,14541421,2611.306349,2.5
Cambodia,2012,Asia,14780454,2868.737515,2.7
Cambodia,2013,Asia,15026330,3045.590961,2.9
Cambodia,2014,Asia,15274506,3185.336272,3.1
Cambodia,2015,Asia,15521435,3388.737638,3.3
Cameroon,2000,Africa,15513944,2026.520495,4.9
Cameroon,2001,Africa,15928910,2105.466499,5.1
Cameroon,2002,Africa,16357605,2175.463967,5.3
Cameroon,2003,Africa,16800869,2277.651041,5.6
Cameroon,2004,Africa,17259322,2437.147211,5.8
Cameroon,2005,Africa,17733408,2500.885699,6.1
Cameroon,2006,Africa,18223677,2604.266466,6.3
Cameroon,2007,Africa,18730283,2714.922192,6.6
Cameroon,2008,Africa,19252674,2768.571649,6.9
Cameroon,2009,Africa,19789922,2780.590387,7.2
Cameroon,2010,Africa,20341236,2817.106207,7.5
Cameroon,2011,Africa,20906392,2892.448394,7.8
Cameroon,2012,Africa,21485267,2958.692624,8.1
Cameroon,2013,Africa,22077300,3129.858638,8.4
Cameroon,2014,Africa,22681853,3312.540064,8.8
Cameroon,2015,Africa,23298376,3395.628961,9.2
Canada,2000,North America,30685730,29362.08416,21.5
Canada,2001,North America,31020902,30230.80297,22.1
Canada,2002,North America,31360079,30963.053,22.8
Canada,2003,North America,31644028,32349.94366,23.4
Canada,2004,North America,31940655,33925.70673,24.0
Canada,2005,North America,32243753,36327.22865,24.6
Canada,2006,North America,32571174,38119.4132,25.2
Canada,2007,North America,32889025,39575.30975,25.8
Canada,2008,North America,33247118,40376.30688,26.4
Canada,2009,North America,33628895,38865.41346,27.0
Canada,2010,North America,34004889,40099.44824,27.6
Canada,2011,North America,34339328,41666.70763,28.2
Canada,2012,North America,34714222,42290.96541,28.8
Canada,2013,North America,35082954,44298.57873,29.4
Canada,2014,North America,35437435,45753.75055,30.1
Canada,2015,North America,35702908,44670.08054,30.7
Chile,2000,South America,15342350,9585.722434,20.3
Chile,2001,South America,15516112,10037.66594,20.8
Chile,2002,South America,15684413,10402.53252,21.4
Chile,2003,South America,15849649,10963.79063,21.9
Chile,2004,South America,16014972,11794.6294,22.4
Chile,2005,South America,16182713,12679.22581,22.9
Chile,2006,South America,16354507,15657.47765,23.4
Chile,2007,South America,16530201,16840.32704,23.9
Chile,2008,South America,16708255,16504.09786,24.4
Chile,2009,South America,16886184,16068.03767,25.0
Chile,2010,South America,17062531,18042.79037,25.5
Chile,2011,South America,17233584,20259.72939,26.0
Chile,2012,South America,17400359,21512.00442,26.6
Chile,2013,South America,17571511,22346.99046,27.1
Chile,2014,South America,17758969,22687.25157,27.7
Chile,2015,South America,17969356,22566.17765,28.3
China,2000,Asia,1262645000,2917.24253,2.3
China,2001,Asia,1271850000,3208.229957,2.5
China,2002,Asia,1280400000,3532.081651,2.6
China,2003,Asia,1288400000,3938.730274,2.8
China,2004,Asia,1296075000,4427.131003,3.0
China,2005,Asia,1303720000,5056.404724,3.2
China,2006,Asia,1311020000,5842.778636,3.5
China,2007,Asia,1317885000,6818.923409,3.7
China,2008,Asia,1324655000,7581.453513,3.9
China,2009,Asia,1331260000,8305.760185,4.2
China,2010,Asia,1337705000,9254.779603,4.5
China,2011,Asia,1345035000,10292.94048,4.8
China,2012,Asia,1354190000,11168.6973,5.1
China,2013,Asia,1363240000,11872.49738,5.5
China,2014,Asia,1371860000,12480.33853,5.8
China,2015,Asia,1379860000,12897.50229,6.2
Colombia,2000,South America,39629965,6682.772332,14.0
Colombia,2001,South America,40255956,6839.945273,14.5
Colombia,2002,South America,40875363,7012.587473,14.9
Colombia,2003,South America,41483872,7322.178185,15.4
Colombia,2004,South America,42075953,7808.267187,15.9
Colombia,2005,South America,42647731,8328.80498,16.3
Colombia,2006,South America,43200901,9045.171873,16.8
Colombia,2007,South America,43737512,9793.919597,17.3
Colombia,2008,South America,44254972,10188.96021,17.8
Colombia,2009,South America,44750054,10256.39082,18.3
Colombia,2010,South America,45222699,10732.82234,18.8
Colombia,2011,South America,45662747,11604.10228,19.4
Colombia,2012,South America,46075721,12018.65128,19.9
Colombia,2013,South America,46495492,12727.76493,20.5
Colombia,2014,South America,46967706,13307.4245,21.0
Colombia,2015,South America,47520667,13265.79726,21.6
Congo Dem. Rep.,2000,Africa,45919615,481.2181471,2.6
Congo Dem. Rep.,2001,Africa,47105830,446.5741979,2.7
Congo Dem. Rep.,2002,Africa,48428534,434.8352523,2.9
Congo Dem. Rep.,2003,Africa,49871670,441.4743664,3.0
Congo Dem. Rep.,2004,Africa,51425583,460.935999,3.1
Congo Dem. Rep.,2005,Africa,53068869,489.5590753,3.3
Congo Dem. Rep.,2006,Africa,54785894,519.0927589,3.5
Congo Dem. Rep.,2007,Africa,56578046,545.7309695,3.6
Congo Dem. Rep.,2008,Africa,58453687,576.4523841,3.8
Congo Dem. Rep.,2009,Africa,60411195,603.8637028,4.0
Congo Dem. Rep.,2010,Africa,62448572,604.6920617,4.2
Congo Dem. Rep.,2011,Africa,64563853,633.9826243,4.4
Congo Dem. Rep.,2012,Africa,66755151,668.940881,4.6
Congo Dem. Rep.,2013,Africa,69020749,669.5674426,4.8
Congo Dem. Rep.,2014,Africa,71358804,753.4851681,5.1
Congo Dem. Rep.,2015,Africa,73767445,849.7608186,5.3
Congo Rep.,2000,Africa,3038432,3457.080242,4.3
Congo Rep.,2001,Africa,3127420,3695.025444,4.5
Congo Rep.,2002,Africa,3217930,3811.633593,4.7
Congo Rep.,2003,Africa,3310376,3935.348782,4.9
Congo Rep.,2004,Africa,3406915,3931.014813,5.1
Congo Rep.,2005,Africa,3510468,4053.663991,5.3
Congo Rep.,2006,Africa,3622775,4365.373792,5.5
Congo Rep.,2007,Africa,3745143,4700.680548,5.8
Congo Rep.,2008,Africa,3876123,4356.066676,6.0
Congo Rep.,2009,Africa,4011487,4560.333453,6.3
Congo Rep.,2010,Africa,4145400,4958.14901,6.5
Congo Rep.,2011,Africa,4273738,5350.416019,6.8
Congo Rep.,2012,Africa,4394842,5428.241535,7.1
Congo Rep.,2013,Africa,4510197,6335.785752,7.4
Congo Rep.,2014,Africa,4622757,6069.000985,7.7
Congo Rep.,2015,Africa,4736965,5931.133916,8.0
Costa Rica,2000,North America,3962369,7829.5341,13.8
Costa Rica,2001,North America,4034074,8138.158223,14.4
Costa Rica,2002,North America,4100922,8408.069811,15.0
Costa Rica,2003,North America,4164053,8808.564845,15.7
Costa Rica,2004,North America,4225156,9308.634503,16.4
Costa Rica,2005,North America,4285504,9841.74831,17.1
Costa Rica,2006,North America,4345421,10738.608,17.8
Costa Rica,2007,North America,4404626,11774.43106,18.5
Costa Rica,2008,North America,4463123,12404.11324,19.2
Costa Rica,2009,North America,4520739,12216.86731,20.0
Costa Rica,2010,North America,4577371,12865.25967,20.8
Costa Rica,2011,North America,4633086,13545.93177,21.6
Costa Rica,2012,North America,4688003,14321.51837,22.4
Costa Rica,2013,North America,4742111,15005.91936,23.2
Costa Rica,2014,North America,4795390,16067.33077,24.0
Costa Rica,2015,North America,4847805,17090.79658,24.8
Cote d'Ivoire,2000,Africa,16454660,3270.109033,4.3
Cote d'Ivoire,2001,Africa,16853027,3194.420665,4.5
Cote d'Ivoire,2002,Africa,17231539,3086.305645,4.8
Cote d'Ivoire,2003,Africa,17599613,2935.774124,5.0
Cote d'Ivoire,2004,Africa,17970493,3046.4005,5.3
Cote d'Ivoire,2005,Africa,18354513,3106.834523,5.5
Cote d'Ivoire,2006,Africa,18754914,3222.573016,5.8
Cote d'Ivoire,2007,Africa,19171250,3273.45095,6.1
Cote d'Ivoire,2008,Africa,19605568,3418.352857,6.4
Cote d'Ivoire,2009,Africa,20059147,3483.632116,6.7
Cote d'Ivoire,2010,Africa,20532944,3680.004276,7.0
Cote d'Ivoire,2011,Africa,21028652,3470.929834,7.3
Cote d'Ivoire,2012,Africa,21547188,3558.631068,7.6
Cote d'Ivoire,2013,Africa,22087506,3867.323876,8.0
Cote d'Ivoire,2014,Africa,22647672,4319.578655,8.3
Cote d'Ivoire,2015,Africa,23226148,4652.889619,8.7
Croatia,2000,Europe,4468302,10683.60352,19.2
Croatia,2001,Europe,4299642,11655.64408,19.6
Croatia,2002,Europe,4302174,12769.77529,20.0
Croatia,2003,Europe,4303399,13682.12212,20.4
Croatia,2004,Europe,4304600,14675.26145,20.9
Croatia,2005,Europe,4310145,15436.64441,21.3
Croatia,2006,Europe,4311159,17595.75721,21.8
Croatia,2007,Europe,4310217,19493.23508,22.3
Croatia,2008,Europe,4309705,20921.54056,22.8
Croatia,2009,Europe,4305181,20149.50957,23.3
Croatia,2010,Europe,4295427,19967.21373,23.8
Croatia,2011,Europe,4280622,21014.7388,24.4
Croatia,2012,Europe,4267558,21397.48678,24.9
Croatia,2013,Europe,4255689,22081.09779,25.4
Croatia,2014,Europe,4238389,22325.07659,26.0
Croatia,2015,Europe,4203604,23301.27286,26.5
Cyprus,2000,Europe,943288,21288.50977,16.5
Cyprus,2001,Europe,960274,22861.88477,16.9
Cyprus,2002,Europe,976968,23556.4082,17.2
Cyprus,2003,Europe,993562,24279.67773,17.6
Cyprus,2004,Europe,1010410,25944.85352,18.0
Cyprus,2005,Europe,1027657,27763.1543,18.3
Cyprus,2006,Europe,1045508,30015.41406,18.7
Cyprus,2007,Europe,1063708,32881.54688,19.0
Cyprus,2008,Europe,1081568,34830.23438,19.4
Cyprus,2009,Europe,1098089,33884.87891,19.8
Cyprus,2010,Europe,1112617,33423.5,20.1
Cyprus,2011,Europe,1124837,33313.57813,20.5
Cyprus,2012,Europe,1135046,31834.51758,20.9
Cyprus,2013,Europe,1143866,30375.0918,21.3
Cyprus,2014,Europe,1152297,30080.23047,21.7
Cyprus,2015,Europe,1160987,31815.27344,22.2
Czechia,2000,Europe,10255063,16235.48063,22.1
Czechia,2001,Europe,10216605,17621.05413,22.5
Czechia,2002,Europe,10196916,18252.57277,22.8
Czechia,2003,Europe,10193998,19538.0704,23.2
Czechia,2004,Europe,10197101,20932.07842,23.6
Czechia,2005,Europe,10211216,22095.38785,23.9
Czechia,2006,Europe,10238905,23923.70388,24.3
Czechia,2007,Europe,10298828,26282.37549,24.7
Czechia,2008,Europe,10384603,27974.48713,25.0
Czechia,2009,Europe,10443936,27761.50915,25.4
Czechia,2010,Europe,10474410,27881.968,25.8
Czechia,2011,Europe,10496088,29001.36804,26.2
Czechia,2012,Europe,10510785,29254.73127,26.6
Czechia,2013,Europe,10514272,30818.10816,27.1
Czechia,2014,Europe,10525347,32502.47535,27.6
Czechia,2015,Europe,10546059,33899.28657,28.0
Denmark,2000,Europe,5339616,28658.12496,15.1
Denmark,2001,Europe,5358783,29437.31034,15.5
Denmark,2002,Europe,5375931,30640.34562,15.9
Denmark,2003,Europe,5390574,30820.38922,16.3
Denmark,2004,Europe,5404523,32938.6921,16.8
Denmark,2005,Europe,5419432,34150.15946,17.2
Denmark,2006,Europe,5437272,37334.39016,17.5
Denmark,2007,Europe,5461438,39006.20232,17.9
Denmark,2008,Europe,5493621,41278.32683,18.3
Denmark,2009,Europe,5523095,40331.40688,18.7
Denmark,2010,Europe,5547683,43003.05459,19.0
Denmark,2011,Europe,5570572,44403.38484,19.4
Denmark,2012,Europe,5591572,44803.96824,19.8
Denmark,2013,Europe,5614932,46726.85414,20.1
Denmark,2014,Europe,5643475,47901.44736,20.5
Denmark,2015,Europe,5683483,49045.33919,20.9
Ecuador,2000,South America,12681123,5832.268524,12.0
Ecuador,2001,South America,12914660,6090.973482,12.4
Ecuador,2002,South America,13143465,6327.228325,12.9
Ecuador,2003,South America,13369678,6515.644136,13.3
Ecuador,2004,South America,13596390,7119.191726,13.7
Ecuador,2005,South America,13825839,7602.647804,14.1
Ecuador,2006,South America,14059379,8046.431679,14.6
Ecuador,2007,South America,14296554,8304.77549,15.0
Ecuador,2008,South America,14535740,8853.996342,15.4
Ecuador,2009,South America,14774412,8816.461721,15.9
Ecuador,2010,South America,15011114,9091.306548,16.3
Ecuador,2011,South America,15243885,9857.520523,16.8
Ecuador,2012,South America,15474099,10311.4046,17.3
Ecuador,2013,South America,15707473,11153.68521,17.8
Ecuador,2014,South America,15951832,11713.17591,18.3
Ecuador,2015,South America,16212022,11060.28627,18.8
Egypt,2000,Africa,67515591,5424.118729,20.9
Egypt,2001,Africa,68831561,5787.54213,21.4
Egypt,2002,Africa,70152662,6011.761323,21.9
Egypt,2003,Africa,71485044,6134.872156,22.4
Egypt,2004,Africa,72826102,6336.851671,22.9
Egypt,2005,Africa,74172073,6650.316968,23.4
Egypt,2006,Africa,75523576,7037.341176,24.0
Egypt,2007,Africa,76873670,7614.842917,24.6
Egypt,2008,Africa,78232124,8229.523278,25.2
Egypt,2009,Africa,79636081,8829.135251,25.8
Egypt,2010,Africa,81134789,9129.202625,26.5
Egypt,2011,Africa,82761244,9523.553039,27.2
Egypt,2012,Africa,84529251,9686.046264,27.9
Egypt,2013,Africa,86422240,11092.74326,28.7
Egypt,2014,Africa,88404652,11221.38039,29.5
Egypt,2015,Africa,90424668,10895.94317,30.2
El Salvador,2000,North America,5887930,4461.821062,14.1
El Salvador,2001,North America,5927001,4572.135088,14.7
El Salvador,2002,North America,5962139,4688.633651,15.2
El Salvador,2003,North America,5994075,4830.140086,15.8
El Salvador,2004,North America,6023801,4979.220344,16.3
El Salvador,2005,North America,6052124,5249.864562,16.8
El Salvador,2006,North America,6079395,5621.657087,17.3
El Salvador,2007,North America,6105810,5855.513241,17.8
El Salvador,2008,North America,6131767,6068.935355,18.3
El Salvador,2009,North America,6157678,5955.179406,18.8
El Salvador,2010,North America,6183877,6127.645045,19.4
El Salvador,2011,North America,6210567,6465.808489,19.9
El Salvador,2012,North America,6237922,6541.216164,20.4
El Salvador,2013,North America,6266076,6877.146376,20.9
El Salvador,2014,North America,6295124,7233.195221,21.5
El Salvador,2015,North America,6325121,7597.689174,22.1
Eritrea,2000,Africa,2292413,1526.846924,1.8
Eritrea,2001,Africa,2374721,1639.089229,1.8
Eritrea,2002,Africa,2481059,1641.17399,1.9
Eritrea,2003,Africa,2600972,1554.014751,2.0
Eritrea,2004,Africa,2719809,1548.161959,2.1
Eritrea,2005,Africa,2826653,1575.908648,2.2
Eritrea,2006,Africa,2918209,1558.315131,2.3
Eritrea,2007,Africa,2996540,1580.831377,2.4
Eritrea,2008,Africa,3062782,1422.094264,2.6
Eritrea,2009,Africa,3119920,1459.462952,2.7
Eritrea,2010,Africa,3170437,1485.360306,2.9
Eritrea,2011,Africa,3213969,1625.507673,3.0
Eritrea,2012,Africa,3237242,1625.513,3.2
Eritrea,2013,Africa,3247345,1625.513,3.4
Eritrea,2014,Africa,3251206,1625.784,3.6
Eritrea,2015,Africa,3333645,1626.37,3.8
Estonia,2000,Europe,1396985,9421.291423,19.1
Estonia,2001,Europe,1388115,10314.26282,19.3
Estonia,2002,Europe,1379350,11663.2715,19.5
Estonia,2003,Europe,1370720,13132.58072,19.7
Estonia,2004,Europe,1362550,14536.34741,19.9
Estonia,2005,Europe,1354775,16634.89274,20.2
Estonia,2006,Europe,1346810,19345.31471,20.4
Estonia,2007,Europe,1340680,22195.19759,20.7
Estonia,2008,Europe,1337090,22802.34218,21.0
Estonia,2009,Europe,1334515,20477.85243,21.3
Estonia,2010,Europe,1331475,21619.45455,21.6
Estonia,2011,Europe,1327439,24557.23615,22.0
Estonia,2012,Europe,1322696,25996.04678,22.3
Estonia,2013,Europe,1317997,27464.51868,22.7
Estonia,2014,Europe,1314545,28945.46533,23.0
Estonia,2015,Europe,1315407,29175.92593,23.4
Ethiopia,2000,Africa,66224809,482.3357457,1.6
Ethiopia,2001,Africa,68159422,518.9838164,1.7
Ethiopia,2002,Africa,70142090,519.9319066,1.8
Ethiopia,2003,Africa,72170581,504.1538956,1.8
Ethiopia,2004,Africa,74239508,571.5659226,1.9
Ethiopia,2005,Africa,76346310,640.9698468,2.0
Ethiopia,2006,Africa,78489205,712.343569,2.2
Ethiopia,2007,Africa,80674343,793.3215141,2.3
Ethiopia,2008,Africa,82916236,871.5463026,2.4
Ethiopia,2009,Africa,85233923,928.3920242,2.5
Ethiopia,2010,Africa,87639962,1028.436486,2.7
Ethiopia,2011,Africa,90139928,1134.784509,2.8
Ethiopia,2012,Africa,92726982,1213.595972,2.9
Ethiopia,2013,Africa,95385793,1283.570449,3.1
Ethiopia,2014,Africa,98094264,1513.703236,3.3
Ethiopia,2015,Africa,100835453,1657.344704,3.4
Finland,2000,Europe,5176209,26784.70647,18.2
Finland,2001,Europe,5188008,27795.67493,18.6
Finland,2002,Europe,5200598,28605.12232,19.1
Finland,2003,Europe,5213014,29051.48643,19.5
Finland,2004,Europe,5228172,31201.73494,20.0
Finland,2005,Europe,5246096,32051.794,20.4
Finland,2006,Europe,5266268,34455.10533,20.8
Finland,2007,Europe,5288720,37838.34019,21.2
Finland,2008,Europe,5313399,40083.69727,21.6
Finland,2009,Europe,5338871,37972.27005,22.0
Finland,2010,Europe,5363352,38956.47222,22.4
Finland,2011,Europe,5388272,40916.83858,22.8
Finland,2012,Europe,5413971,40873.09533,23.2
Finland,2013,Europe,5438972,41493.14165,23.6
Finland,2014,Europe,5461512,41757.40219,24.0
Finland,2015,Europe,5479531,42497.70498,24.5
France,2000,Europe,60912500,26090.63447,16.8
France,2001,Europe,61357432,27490.05173,17.3
France,2002,Europe,61805266,28523.88619,17.7
France,2003,Europe,62244880,28172.69565,18.1
France,2004,Europe,62704901,29060.45099,18.5
France,2005,Europe,63179356,30498.57688,18.9
France,2006,Europe,63621376,32468.54158,19.3
France,2007,Europe,64016227,34121.34388,19.7
France,2008,Europe,64374979,35095.26568,20.0
France,2009,Europe,64707035,34678.06232,20.4
France,2010,Europe,65027505,35902.90311,20.8
France,2011,Europe,65342789,37440.63347,21.2
France,2012,Europe,65659814,37679.11891,21.6
France,2013,Europe,65998685,39523.85515,22.0
France,2014,Europe,66312067,40144.02683,22.4
France,2015,Europe,66548272,40849.99738,22.8
Gabon,2000,Africa,1228359,13836.61163,8.3
Gabon,2001,Africa,1258008,14109.87292,8.6
Gabon,2002,Africa,1288310,13957.8862,8.9
Gabon,2003,Africa,1319946,14204.42283,9.2
Gabon,2004,Africa,1353788,14319.1741,9.5
Gabon,2005,Africa,1390550,14762.54942,9.8
Gabon,2006,Africa,1430144,14381.46101,10.1
Gabon,2007,Africa,1472565,15206.47366,10.4
Gabon,2008,Africa,1518538,14531.70389,10.7
Gabon,2009,Africa,1568925,14173.60813,11.0
Gabon,2010,Africa,1624146,14838.64348,11.3
Gabon,2011,Africa,1684629,15638.74717,11.7
Gabon,2012,Africa,1749677,15356.23542,12.0
Gabon,2013,Africa,1817070,15114.37751,12.3
Gabon,2014,Africa,1883801,15370.96799,12.7
Gabon,2015,Africa,1947690,14699.53605,13.1
Georgia,2000,Asia,4077131,3100.988403,14.4
Georgia,2001,Asia,4014373,3375.179089,14.8
Georgia,2002,Asia,3978515,3647.998924,15.1
Georgia,2003,Asia,3951736,4159.376204,15.5
Georgia,2004,Asia,3927340,4546.583845,15.9
Georgia,2005,Asia,3902469,5171.57736,16.4
Georgia,2006,Asia,3880347,5866.588877,16.9
Georgia,2007,Asia,3860158,6818.50985,17.3
Georgia,2008,Asia,3848449,7139.012454,17.9
Georgia,2009,Asia,3814419,6984.247646,18.4
Georgia,2010,Asia,3786695,7564.892257,19.0
Georgia,2011,Asia,3756441,8360.297207,19.7
Georgia,2012,Asia,3728874,9826.052753,20.3
Georgia,2013,Asia,3717668,10611.77412,21.0
Georgia,2014,Asia,3719414,11575.54721,21.7
Georgia,2015,Asia,3725276,12089.16941,22.5
Germany,2000,Europe,82211508,27199.04409,18.4
Germany,2001,Europe,82349925,28368.54328,18.8
Germany,2002,Europe,82488495,29178.63747,19.2
Germany,2003,Europe,82534176,29908.13953,19.7
Germany,2004,Europe,82516260,31333.8363,20.1
Germany,2005,Europe,82469422,31794.09601,20.5
Germany,2006,Europe,82376451,34160.34493,21.0
Germany,2007,Europe,82266372,36287.48224,21.4
Germany,2008,Europe,82110097,37802.38743,21.9
Germany,2009,Europe,81902307,36815.84405,22.3
Germany,2010,Europe,81776930,38952.6946,22.8
Germany,2011,Europe,80274983,42541.53109,23.3
Germany,2012,Europe,80425823,43359.61483,23.7
Germany,2013,Europe,80645605,44993.89275,24.2
Germany,2014,Europe,80982500,47011.55109,24.7
Germany,2015,Europe,81686611,47609.781,25.2
Ghana,2000,Africa,19278850,1769.523784,4.7
Ghana,2001,Africa,19756929,1836.230875,5.0
Ghana,2002,Africa,20246376,1901.656741,5.2
Ghana,2003,Africa,20750308,1990.482515,5.5
Ghana,2004,Africa,21272328,2105.408226,5.8
Ghana,2005,Africa,21814648,2242.377079,6.1
Ghana,2006,Africa,22379057,2397.476037,6.3
Ghana,2007,Africa,22963946,2503.859081,6.6
Ghana,2008,Africa,23563832,2714.463643,7.0
Ghana,2009,Africa,24170943,2792.265433,7.3
Ghana,2010,Africa,24779614,2974.159419,7.6
Ghana,2011,Africa,25387713,3379.484599,7.9
Ghana,2012,Africa,25996454,3781.865529,8.3
Ghana,2013,Africa,26607641,5294.820028,8.6
Ghana,2014,Africa,27224480,5568.235957,9.0
Ghana,2015,Africa,27849203,5206.028871,9.3
Greece,2000,Europe,10805808,19516.19722,19.6
Greece,2001,Europe,10862132,20954.78185,20.0
Greece,2002,Europe,10902022,22615.93561,20.5
Greece,2003,Europe,10928070,23896.6057,20.9
Greece,2004,Europe,10955141,25460.45274,21.4
Greece,2005,Europe,10987314,25577.52411,21.9
Greece,2006,Europe,11020362,28549.15174,22.4
Greece,2007,Europe,11048473,29320.26482,22.8
Greece,2008,Europe,11077841,30856.01184,23.3
Greece,2009,Europe,11107017,30359.14946,23.9
Greece,2010,Europe,11121341,27913.08919,24.4
Greece,2011,Europe,11104899,25671.51609,24.9
Greece,2012,Europe,11045011,24911.11963,25.4
Greece,2013,Europe,10965211,25986.65032,25.9
Greece,2014,Europe,10892413,26625.06181,26.4
Greece,2015,Europe,10820883,26760.3633,26.9
Guatemala,2000,North America,11589761,4758.248081,11.3
Guatemala,2001,North America,11871565,4860.75067,11.7
Guatemala,2002,North America,12147518,5009.586478,12.1
Guatemala,2003,North America,12415334,5126.233469,12.5
Guatemala,2004,North America,12682108,5314.815602,12.9
Guatemala,2005,North America,12948292,5544.676707,13.3
Guatemala,2006,North America,13213330,5900.851227,13.8
Guatemala,2007,North America,13477017,6318.320288,14.2
Guatemala,2008,North America,13739299,6524.609737,14.7
Guatemala,2009,North America,14000190,6474.796935,15.2
Guatemala,2010,North America,14259687,6618.916031,15.6
Guatemala,2011,North America,14521515,6910.876502,16.1
Guatemala,2012,North America,14781942,7204.732938,16.6
Guatemala,2013,North America,15043981,7446.588009,17.1
Guatemala,2014,North America,15306316,7758.49317,17.7
Guatemala,2015,North America,15567419,8194.440681,18.2
Honduras,2000,North America,6574510,2588.38762,10.8
Honduras,2001,North America,6751912,2647.343517,11.2
Honduras,2002,North America,6929267,2718.14394,11.7
Honduras,2003,North America,7106323,2825.623447,12.1
Honduras,2004,North America,7282953,3007.549764,12.6
Honduras,2005,North America,7458982,3211.910536,13.1
Honduras,2006,North America,7634295,3447.432132,13.6
Honduras,2007,North America,7808520,3675.816668,14.1
Honduras,2008,North America,7980955,3820.478145,14.6
Honduras,2009,North America,8150780,3673.306926,15.2
Honduras,2010,North America,8317467,3778.876126,15.7
Honduras,2011,North America,8480670,3928.268538,16.3
Honduras,2012,North America,8640692,4032.580856,16.9
Honduras,2013,North America,8798524,4142.238456,17.5
Honduras,2014,North America,8955579,4452.587991,18.1
Honduras,2015,North America,9112904,4823.395396,18.7
Hungary,2000,Europe,10210971,11853.17852,20.8
Hungary,2001,Europe,10187576,13207.92217,21.2
Hungary,2002,Europe,10158608,14526.38826,21.5
Hungary,2003,Europe,10129552,15481.32011,21.9
Hungary,2004,Europe,10107146,16272.00583,22.4
Hungary,2005,Europe,10087065,17112.20217,22.8
Hungary,2006,Europe,10071370,18389.41028,23.3
Hungary,2007,Europe,10055780,19099.85171,23.8
Hungary,2008,Europe,10038188,20727.88997,24.3
Hungary,2009,Europe,10022650,20729.78393,24.8
Hungary,2010,Europe,10000023,21751.83384,25.3
Hungary,2011,Europe,9971727,23038.80802,25.8
Hungary,2012,Europe,9920362,23275.23186,26.4
Hungary,2013,Europe,9893082,24556.71535,26.9
Hungary,2014,Europe,9866468,25699.7505,27.5
Hungary,2015,Europe,9843028,26806.59525,28.1
India,2000,Asia,1056575548,2093.26599,1.5
India,2001,Asia,1075000094,2205.225041,1.6
India,2002,Asia,1093317187,2285.83901,1.7
India,2003,Asia,1111523146,2472.993673,1.8
India,2004,Asia,1129623466,2696.659224,1.9
India,2005,Asia,1147609924,2954.546053,2.0
India,2006,Asia,1165486291,3240.736555,2.1
India,2007,Asia,1183209471,3529.62081,2.3
India,2008,Asia,1200669762,3654.427508,2.4
India,2009,Asia,1217726217,3911.434281,2.5
India,2010,Asia,1234281163,4237.208788,2.7
India,2011,Asia,1250287939,4493.669466,2.9
India,2012,Asia,1265780243,4861.156152,3.0
India,2013,Asia,1280842119,5057.233414,3.2
India,2014,Asia,1295600768,5233.882343,3.4
India,2015,Asia,1310152392,5464.859178,3.6
Indonesia,2000,Asia,211513822,4738.554777,2.4
Indonesia,2001,Asia,214427419,4953.613592,2.6
Indonesia,2002,Asia,217357790,5186.301459,2.8
Indonesia,2003,Asia,220309473,5467.231552,3.0
Indonesia,2004,Asia,223285666,5817.83337,3.2
Indonesia,2005,Asia,226289468,6257.657476,3.4
Indonesia,2006,Asia,229318262,6715.707869,3.7
Indonesia,2007,Asia,232374239,7238.369541,3.9
Indonesia,2008,Asia,235469755,7718.025586,4.2
Indonesia,2009,Asia,238620554,8019.730683,4.5
Indonesia,2010,Asia,241834226,8506.680565,4.8
Indonesia,2011,Asia,245115988,9095.741723,5.1
Indonesia,2012,Asia,248451714,9713.900487,5.4
Indonesia,2013,Asia,251805314,10067.46574,5.8
Indonesia,2014,Asia,255128076,10278.17731,6.2
Indonesia,2015,Asia,258383257,10247.20634,6.5
Iran,2000,Asia,64800875,10158.45298,14.6
Iran,2001,Asia,65623397,10858.044,15.0
Iran,2002,Asia,66449111,11227.00058,15.4
Iran,2003,Asia,67284801,12170.06762,15.8
Iran,2004,Asia,68122947,13316.53508,16.3
Iran,2005,Asia,68951279,14095.60746,16.9
Iran,2006,Asia,69762345,14826.935,17.5
Iran,2007,Asia,70554756,15868.37823,18.1
Iran,2008,Asia,71336476,17433.23649,18.8
Iran,2009,Asia,72120608,17618.50252,19.5
Iran,2010,Asia,72924833,17712.53848,20.3
Iran,2011,Asia,73762519,18749.33704,21.1
Iran,2012,Asia,74634959,19415.61396,22.0
Iran,2013,Asia,75539881,17153.0675,22.8
Iran,2014,Asia,76481963,16351.70173,23.7
Iran,2015,Asia,77465769,16210.91989,24.6
Iraq,2000,Asia,23497589,11045.90313,18.9
Iraq,2001,Asia,24208178,11156.33896,19.3
Iraq,2002,Asia,24931922,10099.37219,19.7
Iraq,2003,Asia,25644503,6342.118087,20.2
Iraq,2004,Asia,26313838,9734.703574,20.6
Iraq,2005,Asia,26922279,9977.128043,21.1
Iraq,2006,Asia,27448124,10657.53857,21.6
Iraq,2007,Asia,27911242,10966.90886,22.2
Iraq,2008,Asia,28385739,11894.71008,22.7
Iraq,2009,Asia,28973157,12124.5765,23.2
Iraq,2010,Asia,29741977,12718.4112,23.8
Iraq,2011,Asia,30725305,13515.54593,24.4
Iraq,2012,Asia,31890012,15163.35014,25.0
Iraq,2013,Asia,33157061,15535.34598,25.6
Iraq,2014,Asia,34411949,13888.07638,26.2
Iraq,2015,Asia,35572269,9763.90409,26.8
Ireland,2000,Europe,3805174,30205.65723,16.2
Ireland,2001,Europe,3866243,32567.28217,16.7
Ireland,2002,Europe,3931947,35222.02872,17.3
Ireland,2003,Europe,3996521,36283.12084,17.9
Ireland,2004,Europe,4070262,38733.34969,18.4
Ireland,2005,Europe,4159914,40466.23435,19.1
Ireland,2006,Europe,4273591,44232.37305,19.7
Ireland,2007,Europe,4398942,46773.4866,20.4
Ireland,2008,Europe,4489544,44169.09434,21.0
Ireland,2009,Europe,4535375,41471.07998,21.7
Ireland,2010,Europe,4560155,43203.12008,22.4
Ireland,2011,Europe,4580084,45080.1887,23.2
Ireland,2012,Europe,4599533,46361.46369,23.9
Ireland,2013,Europe,4623816,47830.63089,24.7
Ireland,2014,Europe,4657740,51098.26668,25.4
Ireland,2015,Europe,4701957,69028.77272,26.2
Israel,2000,Asia,6289000,24951.21757,20.9
Israel,2001,Asia,6439000,24944.63173,21.2
Israel,2002,Asia,6570000,25230.01157,21.6
Israel,2003,Asia,6689700,23845.31292,21.9
Israel,2004,Asia,6809000,25238.88078,22.3
Israel,2005,Asia,6930100,24853.77787,22.6
Israel,2006,Asia,7053700,25700.93836,23.0
Israel,2007,Asia,7180100,27513.14313,23.4
Israel,2008,Asia,7308800,27510.03985,23.8
Israel,2009,Asia,7485600,27461.86198,24.2
Israel,2010,Asia,7623600,28840.04535,24.5
Israel,2011,Asia,7765800,30636.35238,24.9
Israel,2012,Asia,7910500,31846.35583,25.3
Israel,2013,Asia,8059500,34324.37815,25.6
Israel,2014,Asia,8215700,34366.18102,25.9
Israel,2015,Asia,8380100,35469.9502,26.3
Italy,2000,Europe,56942108,27072.42136,16.7
Italy,2001,Europe,56974100,28033.73587,17.1
Italy,2002,Europe,57059007,28736.57711,17.5
Italy,2003,Europe,57313203,29196.9279,17.9
Italy,2004,Europe,57685327,29554.68909,18.3
Italy,2005,Europe,57969484,30130.64446,18.7
Italy,2006,Europe,58143979,32453.58371,19.1
Italy,2007,Europe,58438310,34141.20077,19.4
Italy,2008,Europe,58826731,35523.27131,19.8
Italy,2009,Europe,59095365,34602.89696,20.2
Italy,2010,Europe,59277417,35158.44184,20.6
Italy,2011,Europe,59379449,36598.01497,21.0
Italy,2012,Europe,59539717,36486.29679,21.4
Italy,2013,Europe,60233948,36314.6971,21.7
Italy,2014,Europe,60789140,36194.87392,22.1
Italy,2015,Europe,60730582,36899.38521,22.5
Jamaica,2000,North America,2654698,6348.625916,14.8
Jamaica,2001,North America,2674706,6529.752041,15.4
Jamaica,2002,North America,2692843,6718.413921,16.0
Jamaica,2003,North America,2709438,7058.688126,16.6
Jamaica,2004,North America,2725017,7302.131459,17.2
Jamaica,2005,North America,2740000,7556.87631,17.8
Jamaica,2006,North America,2754414,7973.945699,18.4
Jamaica,2007,North America,2768229,8265.25766,19.0
Jamaica,2008,North America,2781869,8314.432829,19.6
Jamaica,2009,North America,2795839,7964.127404,20.1
Jamaica,2010,North America,2810464,7901.065514,20.7
Jamaica,2011,North America,2825932,8159.876165,21.3
Jamaica,2012,North America,2842128,8187.193674,21.9
Jamaica,2013,North America,2858710,8442.983667,22.5
Jamaica,2014,North America,2875137,8545.102837,23.1
Jamaica,2015,North America,2891024,8792.056957,23.7
Jordan,2000,Asia,5122495,5930.466358,22.4
Jordan,2001,Asia,5217328,6267.618483,23.0
Jordan,2002,Asia,5317514,6606.594635,23.7
Jordan,2003,Asia,5434036,6866.880054,24.3
Jordan,2004,Asia,5580241,7454.735129,24.9
Jordan,2005,Asia,5765639,8047.483948,25.6
Jordan,2006,Asia,5991547,8629.070083,26.2
Jordan,2007,Asia,6255290,9182.654584,26.8
Jordan,2008,Asia,6556473,9574.623929,27.5
Jordan,2009,Asia,6893258,9625.63906,28.2
Jordan,2010,Asia,7261541,9461.328429,28.9
Jordan,2011,Asia,7662858,9402.616204,29.6
Jordan,2012,Asia,8089963,9189.189214,30.3
Jordan,2013,Asia,8518992,9322.302454,31.0
Jordan,2014,Asia,8918822,9181.046372,31.8
Jordan,2015,Asia,9266573,9464.682242,32.5
Kazakhstan,2000,Asia,14883626,7725.002523,13.6
Kazakhstan,2001,Asia,14858335,8980.674385,14.0
Kazakhstan,2002,Asia,14858948,10014.05069,14.3
Kazakhstan,2003,Asia,14909019,11123.89013,14.6
Kazakhstan,2004,Asia,15012984,12432.36623,15.0
Kazakhstan,2005,Asia,15147029,13941.50088,15.4
Kazakhstan,2006,Asia,15308085,15742.06403,15.8
Kazakhstan,2007,Asia,15484192,17406.16112,16.2
Kazakhstan,2008,Asia,15776938,17985.38574,16.6
Kazakhstan,2009,Asia,16092822,17958.31266,17.1
Kazakhstan,2010,Asia,16321872,19227.1844,17.6
Kazakhstan,2011,Asia,16557202,20779.44425,18.1
Kazakhstan,2012,Asia,16792090,22032.17454,18.7
Kazakhstan,2013,Asia,17035551,24504.76609,19.3
Kazakhstan,2014,Asia,17288285,24726.47287,19.9
Kazakhstan,2015,Asia,17542806,23224.11784,20.6
Kenya,2000,Africa,31964557,1827.826408,2.5
Kenya,2001,Africa,32848569,1887.45373,2.7
Kenya,2002,Africa,33751746,1875.77804,2.8
Kenya,2003,Africa,34678781,1916.258236,3.0
Kenya,2004,Africa,35635267,2012.624836,3.1
Kenya,2005,Africa,36624897,2138.943301,3.3
Kenya,2006,Africa,37649039,2283.795162,3.5
Kenya,2007,Africa,38705934,2437.766544,3.7
Kenya,2008,Africa,39791984,2422.324375,3.9
Kenya,2009,Africa,40901798,2450.133442,4.1
Kenya,2010,Africa,42030684,2607.43031,4.3
Kenya,2011,Africa,43178270,2723.546449,4.6
Kenya,2012,Africa,44343469,2830.694373,4.8
Kenya,2013,Africa,45519986,3097.630627,5.1
Kenya,2014,Africa,46700063,3357.641641,5.4
Kenya,2015,Africa,47878339,3683.041911,5.7
Kuwait,2000,Asia,2045123,56115.46565,28.5
Kuwait,2001,Asia,2103273,55912.34642,29.0
Kuwait,2002,Asia,2136991,57572.4258,29.4
Kuwait,2003,Asia,2161626,68095.55364,29.8
Kuwait,2004,Asia,2200498,75722.19856,30.3
Kuwait,2005,Asia,2270196,83729.98716,30.7
Kuwait,2006,Asia,2373661,88754.78125,31.1
Kuwait,2007,Asia,2504026,91584.94601,31.6
Kuwait,2008,Asia,2656010,90182.42631,32.0
Kuwait,2009,Asia,2821041,79404.40647,32.5
Kuwait,2010,Asia,2991884,73974.0789,33.1
Kuwait,2011,Asia,3168054,78178.22037,33.7
Kuwait,2012,Asia,3348852,82680.40594,34.3
Kuwait,2013,Asia,3526382,78058.38006,34.9
Kuwait,2014,Asia,3690939,70082.46284,35.6
Kuwait,2015,Asia,3835588,47230.66013,36.3
Kyrgyz Republic,2000,Asia,4898400,1861.621661,8.6
Kyrgyz Republic,2001,Asia,4945100,1985.930219,8.9
Kyrgyz Republic,2002,Asia,4990700,1998.107104,9.2
Kyrgyz Republic,2003,Asia,5043300,2158.041983,9.5
Kyrgyz Republic,2004,Asia,5104700,2343.15794,9.8
Kyrgyz Republic,2005,Asia,5162600,2385.338014,10.1
Kyrgyz Republic,2006,Asia,5218400,2508.128874,10.4
Kyrgyz Republic,2007,Asia,5268400,2769.433362,10.8
Kyrgyz Republic,2008,Asia,5318700,3030.752903,11.1
Kyrgyz Republic,2009,Asia,5383300,3100.556976,11.5
Kyrgyz Republic,2010,Asia,5447900,3085.990191,11.9
Kyrgyz Republic,2011,Asia,5514600,3297.366837,12.4
Kyrgyz Republic,2012,Asia,5607200,3618.149726,12.9
Kyrgyz Republic,2013,Asia,5719600,4042.893053,13.5
Kyrgyz Republic,2014,Asia,5835500,4281.824074,14.1
Kyrgyz Republic,2015,Asia,5956900,4214.829509,14.7
Latvia,2000,Europe,2367550,8039.506366,20.8
Latvia,2001,Europe,2337170,9044.546392,21.0
Latvia,2002,Europe,2310173,10081.19186,21.2
Latvia,2003,Europe,2287955,11060.94272,21.5
Latvia,2004,Europe,2263122,12278.58484,21.7
Latvia,2005,Europe,2238799,13913.7883,22.0
Latvia,2006,Europe,2218357,15859.31539,22.3
Latvia,2007,Europe,2200325,18236.60921,22.6
Latvia,2008,Europe,2177322,19573.15539,22.9
Latvia,2009,Europe,2141669,17023.75492,23.2
Latvia,2010,Europe,2097555,17706.89451,23.5
Latvia,2011,Europe,2059709,19248.4194,23.8
Latvia,2012,Europe,2034319,21290.45959,24.2
Latvia,2013,Europe,2012647,22639.06834,24.5
Latvia,2014,Europe,1993782,23815.80006,24.9
Latvia,2015,Europe,1977527,24972.78609,25.3
Libya,2000,Africa,5357893,20411.01908,20.9
Libya,2001,Africa,5443249,20181.44151,21.3
Libya,2002,Africa,5531097,19977.03309,21.8
Libya,2003,Africa,5620545,22656.43939,22.3
Libya,2004,Africa,5710163,23921.19777,22.8
Libya,2005,Africa,5798615,27178.98729,23.4
Libya,2006,Africa,5886874,29391.54977,24.0
Libya,2007,Africa,5974786,31594.61815,24.6
Libya,2008,Africa,6058740,31702.93128,25.2
Libya,2009,Africa,6133987,30128.02747,25.9
Libya,2010,Africa,6197667,31693.88645,26.7
Libya,2011,Africa,6247438,15938.68238,27.5
Libya,2012,Africa,6285751,27448.54426,28.3
Libya,2013,Africa,6320350,22856.28427,29.2
Libya,2014,Africa,6362039,19945.17594,30.1
Libya,2015,Africa,6418315,21382.46193,31.0
Lithuania,2000,Europe,3499536,8445.899213,23.0
Lithuania,2001,Europe,3470818,9436.054109,23.3
Lithuania,2002,Europe,3443067,10480.72101,23.6
Lithuania,2003,Europe,3415213,12067.67411,23.8
Lithuania,2004,Europe,3377075,13030.36041,24.1
Lithuania,2005,Europe,3322528,14510.53009,24.4
Lithuania,2006,Europe,3269909,16483.85036,24.6
Lithuania,2007,Europe,3231294,19094.64096,24.9
Lithuania,2008,Europe,3198231,20721.0132,25.2
Lithuania,2009,Europe,3162916,18116.73026,25.6
Lithuania,2010,Europe,3097282,20096.7361,25.9
Lithuania,2011,Europe,3028115,22884.82495,26.3
Lithuania,2012,Europe,2987773,24703.68582,26.7
Lithuania,2013,Europe,2957689,26721.57967,27.1
Lithuania,2014,Europe,2932367,28184.47233,27.5
Lithuania,2015,Europe,2904910,28834.42768,27.9
Luxembourg,2000,Europe,436300,55117.25648,17.0
Luxembourg,2001,Europe,441525,56125.22945,17.4
Luxembourg,2002,Europe,446175,58575.67927,17.9
Luxembourg,2003,Europe,451630,60196.54351,18.4
Luxembourg,2004,Europe,458095,64692.59707,18.8
Luxembourg,2005,Europe,465158,68787.85475,19.3
Luxembourg,2006,Europe,472637,78878.45775,19.8
Luxembourg,2007,Europe,479993,85109.87945,20.2
Luxembourg,2008,Europe,488650,90970.7212,20.6
Luxembourg,2009,Europe,497783,86875.85377,21.1
Luxembourg,2010,Europe,506953,90361.78309,21.5
Luxembourg,2011,Europe,518347,94475.03023,21.9
Luxembourg,2012,Europe,530946,96636.42664,22.4
Luxembourg,2013,Europe,543360,100925.012,22.8
Luxembourg,2014,Europe,556319,105296.2846,23.3
Luxembourg,2015,Europe,569604,107859.686,23.7
Malaysia,2000,Asia,23194252,12898.50332,6.7
Malaysia,2001,Asia,23709115,12969.48229,7.1
Malaysia,2002,Asia,24208391,13595.39868,7.6
Malaysia,2003,Asia,24698821,14375.00006,8.0
Malaysia,2004,Asia,25190647,15454.4359,8.5
Malaysia,2005,Asia,25690615,16462.22094,9.0
Malaysia,2006,Asia,26201954,17568.26094,9.5
Malaysia,2007,Asia,26720367,18807.43054,10.0
Malaysia,2008,Asia,27236003,19713.87676,10.5
Malaysia,2009,Asia,27735038,19188.36498,11.0
Malaysia,2010,Asia,28208028,20511.00574,11.5
Malaysia,2011,Asia,28650962,21704.74427,12.1
Malaysia,2012,Asia,29068189,22985.80166,12.7
Malaysia,2013,Asia,29468923,23477.99117,13.4
Malaysia,2014,Asia,29866606,24607.66873,14.0
Malaysia,2015,Asia,30270965,24801.88843,14.7
Malta,2000,Europe,390087,18355.49679,24.3
Malta,2001,Europe,393028,18510.59845,24.7
Malta,2002,Europe,395969,19599.94143,25.2
Malta,2003,Europe,398582,20929.39549,25.6
Malta,2004,Europe,401268,21545.42519,26.1
Malta,2005,Europe,403834,22306.62287,26.5
Malta,2006,Europe,405308,23320.95984,27.0
Malta,2007,Europe,406724,25059.13771,27.4
Malta,2008,Europe,409379,26523.53269,27.9
Malta,2009,Europe,412477,26649.60413,28.3
Malta,2010,Europe,414508,28722.70219,28.7
Malta,2011,Europe,416268,28973.27086,29.1
Malta,2012,Europe,420028,30243.84131,29.5
Malta,2013,Europe,425967,32295.84734,29.9
Malta,2014,Europe,434558,34344.02179,30.3
Malta,2015,Europe,445053,37455.20487,30.6
Mauritius,2000,Africa,1186873,9017.168812,6.6
Mauritius,2001,Africa,1196287,9453.988506,6.8
Mauritius,2002,Africa,1204621,9688.88741,7.1
Mauritius,2003,Africa,1213370,10390.0858,7.4
Mauritius,2004,Africa,1221003,11061.38351,7.6
Mauritius,2005,Africa,1228254,11542.4898,7.9
Mauritius,2006,Africa,1233996,12419.51631,8.2
Mauritius,2007,Africa,1239630,13424.35596,8.5
Mauritius,2008,Africa,1244121,14366.81209,8.8
Mauritius,2009,Africa,1247429,14898.60643,9.1
Mauritius,2010,Africa,1250400,15700.24306,9.5
Mauritius,2011,Africa,1252404,16653.2438,9.8
Mauritius,2012,Africa,1255882,16963.51124,10.1
Mauritius,2013,Africa,1258653,17866.30682,10.4
Mauritius,2014,Africa,1260934,18488.04679,10.8
Mauritius,2015,Africa,1262605,19229.83549,11.1
Mexico,2000,North America,98899845,11089.48999,19.1
Mexico,2001,North America,100298152,11136.02191,19.7
Mexico,2002,North America,101684764,11187.47696,20.2
Mexico,2003,North America,103081020,11488.29563,20.8
Mexico,2004,North America,104514934,12090.99121,21.4
Mexico,2005,North America,106005199,12657.63767,22.0
Mexico,2006,North America,107560155,13812.9014,22.6
Mexico,2007,North America,109170503,14297.22139,23.1
Mexico,2008,North America,110815272,14924.82161,23.7
Mexico,2009,North America,112463886,14547.64458,24.3
Mexico,2010,North America,114092961,15255.01905,24.9
Mexico,2011,North America,115695468,16520.25922,25.5
Mexico,2012,North America,117274156,17162.92737,26.0
Mexico,2013,North America,118827158,17373.89746,26.6
Mexico,2014,North America,120355137,18056.78981,27.2
Mexico,2015,North America,121858251,18301.50047,27.8
Moldova,2000,Europe,2923783,3080.231768,14.8
Moldova,2001,Europe,2917252,3349.236595,15.0
Moldova,2002,Europe,2910504,3675.248805,15.3
Moldova,2003,Europe,2902320,4006.402742,15.5
Moldova,2004,Europe,2895147,4429.330258,15.8
Moldova,2005,Europe,2888111,4922.807008,16.1
Moldova,2006,Europe,2880095,5333.092185,16.3
Moldova,2007,Europe,2873429,5654.624712,16.6
Moldova,2008,Europe,2867964,6224.434917,16.9
Moldova,2009,Europe,2864346,5895.908685,17.2
Moldova,2010,Europe,2861487,6396.790409,17.5
Moldova,2011,Europe,2859833,6913.602264,17.9
Moldova,2012,Europe,2859458,7363.16231,18.3
Moldova,2013,Europe,2858692,8381.671813,18.7
Moldova,2014,Europe,2856950,8827.054129,19.2
Moldova,2015,Europe,2834530,9254.848633,19.6
Mongolia,2000,Asia,2397417,3725.014427,9.8
Mongolia,2001,Asia,2419594,3885.462147,10.1
Mongolia,2002,Asia,2443261,4092.749696,10.5
Mongolia,2003,Asia,2468765,4419.728917,10.9
Mongolia,2004,Asia,2496394,4965.027242,11.3
Mongolia,2005,Asia,2526429,5426.869201,11.8
Mongolia,2006,Asia,2558854,5996.027939,12.4
Mongolia,2007,Asia,2593819,6697.63382,12.9
Mongolia,2008,Asia,2631899,7326.082449,13.5
Mongolia,2009,Asia,2673794,7165.444305,14.2
Mongolia,2010,Asia,2719902,7582.377775,14.9
Mongolia,2011,Asia,2770357,8912.873391,15.6
Mongolia,2012,Asia,2824698,10227.53027,16.3
Mongolia,2013,Asia,2881783,10549.89206,17.1
Mongolia,2014,Asia,2940111,11056.29853,17.9
Mongolia,2015,Asia,2998433,10648.27398,18.8
Montenegro,2000,Europe,604950,6001.791312,16.9
Montenegro,2001,Europe,607389,6770.287919,17.4
Montenegro,2002,Europe,609828,7100.324632,18.0
Montenegro,2003,Europe,612267,7340.860996,18.5
Montenegro,2004,Europe,613353,7842.302151,19.1
Montenegro,2005,Europe,614261,8313.652234,19.6
Montenegro,2006,Europe,615025,10458.7261,20.1
Montenegro,2007,Europe,615875,12459.31796,20.7
Montenegro,2008,Europe,616969,13816.57331,21.2
Montenegro,2009,Europe,618294,13022.14537,21.7
Montenegro,2010,Europe,619428,13636.01508,22.1
Montenegro,2011,Europe,620079,14472.48482,22.6
Montenegro,2012,Europe,620601,13863.8907,23.1
Montenegro,2013,Europe,621207,14870.15294,23.5
Montenegro,2014,Europe,621810,15371.14255,23.9
Montenegro,2015,Europe,622159,16332.84831,24.4
Morocco,2000,Africa,28793672,3575.283203,14.8
Morocco,2001,Africa,29126323,3876.140625,15.4
Morocco,2002,Africa,29454765,4011.096436,15.9
Morocco,2003,Africa,29782884,4282.941895,16.4
Morocco,2004,Africa,30115196,4554.850098,17.0
Morocco,2005,Africa,30455563,4795.599121,17.6
Morocco,2006,Africa,30804689,5256.104004,18.2
Morocco,2007,Africa,31163670,5523.613281,18.8
Morocco,2008,Africa,31536807,5892.290527,19.5
Morocco,2009,Africa,31929087,6105.844238,20.2
Morocco,2010,Africa,32343384,6332.819824,20.9
Morocco,2011,Africa,32781860,6712.323242,21.6
Morocco,2012,Africa,33241898,6702.418457,22.4
Morocco,2013,Africa,33715705,6916.013184,23.2
Morocco,2014,Africa,34192358,6609.608887,24.0
Morocco,2015,Africa,34663608,7024.962891,24.8
Mozambique,2000,Africa,17711925,477.7672638,3.0
Mozambique,2001,Africa,18221884,532.2546827,3.2
Mozambique,2002,Africa,18764147,573.7001454,3.3
Mozambique,2003,Africa,19331097,606.9256872,3.5
Mozambique,2004,Africa,19910549,652.9813361,3.7
Mozambique,2005,Africa,20493927,697.7704264,3.8
Mozambique,2006,Africa,21080108,767.0915482,4.0
Mozambique,2007,Africa,21673319,825.4891524,4.2
Mozambique,2008,Africa,22276596,878.4360543,4.3
Mozambique,2009,Africa,22894718,914.547011,4.5
Mozambique,2010,Africa,23531567,959.0425795,4.7
Mozambique,2011,Africa,24187500,1023.065084,4.9
Mozambique,2012,Africa,24862673,1035.522437,5.1
Mozambique,2013,Africa,25560752,1084.98419,5.3
Mozambique,2014,Africa,26286192,1139.051782,5.5
Mozambique,2015,Africa,27042001,1291.268034,5.8
Myanmar,2000,Asia,46719698,824.9627665,1.9
Myanmar,2001,Asia,47225119,938.5666095,2.0
Myanmar,2002,Asia,47702163,1054.099276,2.2
Myanmar,2003,Asia,48148907,1203.22483,2.3
Myanmar,2004,Asia,48564489,1392.712143,2.5
Myanmar,2005,Asia,48949931,1618.413814,2.7
Myanmar,2006,Asia,49301049,1876.893679,2.9
Myanmar,2007,Asia,49621479,2154.57519,3.1
Myanmar,2008,Asia,49929642,2424.024319,3.3
Myanmar,2009,Asia,50250366,2676.324325,3.6
Myanmar,2010,Asia,50600827,2960.565723,3.8
Myanmar,2011,Asia,50990612,3224.50102,4.1
Myanmar,2012,Asia,51413703,3547.130653,4.4
Myanmar,2013,Asia,51852464,3782.572595,4.7
Myanmar,2014,Asia,52280816,4009.962562,5.0
Myanmar,2015,Asia,52680724,4105.443377,5.4
Namibia,2000,Africa,1794583,5196.744542,7.8
Namibia,2001,Africa,1823667,5290.675254,8.1
Namibia,2002,Africa,1851519,5545.735792,8.5
Namibia,2003,Africa,1879113,5808.389686,8.9
Namibia,2004,Africa,1907737,6595.635065,9.3
Namibia,2005,Africa,1938316,6864.484323,9.7
Namibia,2006,Africa,1971318,7449.968286,10.1
Namibia,2007,Africa,2006516,7921.05922,10.6
Namibia,2008,Africa,2043382,8137.389224,11.0
Namibia,2009,Africa,2081039,8065.154077,11.5
Namibia,2010,Africa,2118877,8500.451374,12.0
Namibia,2011,Africa,2156698,8958.932313,12.4
Namibia,2012,Africa,2194777,9341.106683,12.9
Namibia,2013,Africa,2233506,9735.532643,13.4
Namibia,2014,Africa,2273426,10467.22804,13.9
Namibia,2015,Africa,2314901,10633.29442,14.5
Nepal,2000,Asia,23941099,1349.962286,1.4
Nepal,2001,Asia,24347113,1422.508725,1.5
Nepal,2002,Asia,24725625,1424.272228,1.6
Nepal,2003,Asia,25080880,1488.295004,1.7
Nepal,2004,Asia,25419337,1578.507295,1.8
Nepal,2005,Asia,25744500,1663.370047,1.9
Nepal,2006,Asia,26066687,1750.480683,2.1
Nepal,2007,Asia,26382586,1836.859826,2.2
Nepal,2008,Asia,26666581,1965.219302,2.4
Nepal,2009,Asia,26883531,2050.786913,2.5
Nepal,2010,Asia,27013207,2164.951653,2.6
Nepal,2011,Asia,27041220,2283.18558,2.8
Nepal,2012,Asia,26989160,2505.39181,3.0
Nepal,2013,Asia,26916795,2702.224963,3.2
Nepal,2014,Asia,26905982,2947.316487,3.3
Nepal,2015,Asia,27015033,2996.220462,3.5
Netherlands,2000,Europe,15925513,31870.83351,14.2
Netherlands,2001,Europe,16046180,33180.18292,14.7
Netherlands,2002,Europe,16148929,34447.20532,15.3
Netherlands,2003,Europe,16225302,34149.61923,15.9
Netherlands,2004,Europe,16281779,35809.78566,16.5
Netherlands,2005,Europe,16319868,37625.56171,17.1
Netherlands,2006,Europe,16346101,41013.78664,17.6
Netherlands,2007,Europe,16381696,43939.14534,18.2
Netherlands,2008,Europe,16445593,46420.20168,18.8
Netherlands,2009,Europe,16530388,44556.92115,19.4
Netherlands,2010,Europe,16615394,45043.90423,19.9
Netherlands,2011,Europe,16693074,46599.02103,20.5
Netherlands,2012,Europe,16754962,47272.10302,21.0
Netherlands,2013,Europe,16804432,49241.51784,21.5
Netherlands,2014,Europe,16865008,49233.2154,22.1
Netherlands,2015,Europe,16939923,50288.59139,22.6
New Zealand,2000,Oceania,3857700,21513.70277,22.2
New Zealand,2001,Oceania,3880500,22508.93671,22.9
New Zealand,2002,Oceania,3948500,23306.27954,23.5
New Zealand,2003,Oceania,4027200,23973.63396,24.1
New Zealand,2004,Oceania,4087500,25091.15698,24.7
New Zealand,2005,Oceania,4133900,25677.41908,25.3
New Zealand,2006,Oceania,4184600,27755.52704,25.9
New Zealand,2007,Oceania,4223800,29369.80819,26.5
New Zealand,2008,Oceania,4259800,29827.14255,27.1
New Zealand,2009,Oceania,4302600,30681.24454,27.7
New Zealand,2010,Oceania,4350700,31222.45448,28.3
New Zealand,2011,Oceania,4384000,32701.3786,28.9
New Zealand,2012,Oceania,4408100,32988.60976,29.5
New Zealand,2013,Oceania,4442100,36242.62123,30.1
New Zealand,2014,Oceania,4516500,37293.35679,30.7
New Zealand,2015,Oceania,4609400,37479.68298,31.3
Nicaragua,2000,North America,5069310,2780.035925,13.3
Nicaragua,2001,North America,5145367,2883.572329,13.7
Nicaragua,2002,North America,5219324,2908.783474,14.2
Nicaragua,2003,North America,5292115,2999.133717,14.6
Nicaragua,2004,North America,5364930,3199.220033,15.1
Nicaragua,2005,North America,5438692,3394.175227,15.6
Nicaragua,2006,North America,5513757,3594.608932,16.1
Nicaragua,2007,North America,5590066,3826.219631,16.6
Nicaragua,2008,North America,5667436,3978.543407,17.1
Nicaragua,2009,North America,5745538,3819.56256,17.6
Nicaragua,2010,North America,5824058,3981.506784,18.2
Nicaragua,2011,North America,5903035,4263.177227,18.8
Nicaragua,2012,North America,5982530,4427.946924,19.3
Nicaragua,2013,North America,6062462,4610.298981,19.9
Nicaragua,2014,North America,6142734,4941.699702,20.5
Nicaragua,2015,North America,6223234,5293.870462,21.2
Niger,2000,Africa,11331561,776.1964518,2.2
Niger,2001,Africa,11751364,820.9556594,2.3
Niger,2002,Africa,12189988,843.2824557,2.4
Niger,2003,Africa,12647983,846.7765188,2.6
Niger,2004,Africa,13125914,840.895701,2.7
Niger,2005,Africa,13624474,896.7888016,2.8
Niger,2006,Africa,14143969,943.3217179,3.0
Niger,2007,Africa,14685404,962.4207003,3.1
Niger,2008,Africa,15250913,1017.531771,3.3
Niger,2009,Africa,15843131,1005.121267,3.4
Niger,2010,Africa,16464025,1062.806408,3.6
Niger,2011,Africa,17114770,1068.244853,3.8
Niger,2012,Africa,17795209,1158.66902,3.9
Niger,2013,Africa,18504287,1127.348953,4.1
Niger,2014,Africa,19240182,1142.516865,4.3
Niger,2015,Africa,20001663,1145.309402,4.5
Nigeria,2000,Africa,122283853,2303.494379,3.4
Nigeria,2001,Africa,125394046,2432.896817,3.6
Nigeria,2002,Africa,128596079,2778.61518,3.8
Nigeria,2003,Africa,131900634,2965.430138,4.0
Nigeria,2004,Africa,135320420,3242.645046,4.2
Nigeria,2005,Africa,138865014,3468.792027,4.4
Nigeria,2006,Africa,142538305,3694.764195,4.7
Nigeria,2007,Africa,146339971,3939.649153,4.9
Nigeria,2008,Africa,150269622,4174.713581,5.2
Nigeria,2009,Africa,154324939,4419.862184,5.5
Nigeria,2010,Africa,158503203,4703.720405,5.8
Nigeria,2011,Africa,162805080,4922.702345,6.1
Nigeria,2012,Africa,167228803,4982.945399,6.4
Nigeria,2013,Africa,171765819,5225.172934,6.7
Nigeria,2014,Africa,176404931,5507.169495,7.0
Nigeria,2015,Africa,181137454,5426.332787,7.4
North Macedonia,2000,Europe,2026350,6151.796866,17.7
North Macedonia,2001,Europe,2034882,6049.915617,18.0
North Macedonia,2002,Europe,2020157,6395.226348,18.3
North Macedonia,2003,Europe,2026773,6595.45197,18.6
North Macedonia,2004,Europe,2032544,7172.004987,18.9
North Macedonia,2005,Europe,2036855,7848.882967,19.2
North Macedonia,2006,Europe,2040228,8690.236926,19.6
North Macedonia,2007,Europe,2043559,9350.907779,19.9
North Macedonia,2008,Europe,2046898,10521.89673,20.3
North Macedonia,2009,Europe,2050671,11009.99159,20.7
North Macedonia,2010,Europe,2055004,11361.00939,21.1
North Macedonia,2011,Europe,2058539,11689.90577,21.5
North Macedonia,2012,Europe,2061044,11915.68987,21.9
North Macedonia,2013,Europe,2064032,12727.33641,22.4
North Macedonia,2014,Europe,2067471,13434.84324,22.9
North Macedonia,2015,Europe,2070226,13888.29539,23.4
Norway,2000,Europe,4490967,36936.48651,17.1
Norway,2001,Europe,4513751,37764.30844,17.6
Norway,2002,Europe,4538159,37980.35398,18.1
Norway,2003,Europe,4564855,38593.70835,18.7
Norway,2004,Europe,4591910,42549.94387,19.2
Norway,2005,Europe,4623291,47797.52995,19.7
Norway,2006,Europe,4660677,54160.4818,20.2
Norway,2007,Europe,4709153,55930.53347,20.6
Norway,2008,Europe,4768212,61716.59971,21.1
Norway,2009,Europe,4828726,55364.21942,21.6
Norway,2010,Europe,4889252,57919.65195,22.0
Norway,2011,Europe,4953088,62076.74066,22.5
Norway,2012,Europe,5018573,65354.77925,23.0
Norway,2013,Europe,5079623,66961.2531,23.5
Norway,2014,Europe,5137232,65892.68928,24.0
Norway,2015,Europe,5188607,60368.92087,24.5
Oman,2000,Asia,2267973,40912.35343,15.3
Oman,2001,Asia,2294959,43195.45775,15.8
Oman,2002,Asia,2334860,42644.29068,16.3
Oman,2003,Asia,2386164,41415.4333,16.8
Oman,2004,Asia,2445524,42031.13341,17.3
Oman,2005,Asia,2511254,43265.76254,17.7
Oman,2006,Asia,2580753,45731.05909,18.2
Oman,2007,Asia,2657162,47647.53055,18.7
Oman,2008,Asia,2750956,50751.97735,19.1
Oman,2009,Asia,2876186,51839.46503,19.4
Oman,2010,Asia,3041435,50462.38954,19.7
Oman,2011,Asia,3251102,49583.74381,19.9
Oman,2012,Asia,3498031,50848.47581,20.2
Oman,2013,Asia,3764805,48174.84971,20.6
Oman,2014,Asia,4027255,44374.88159,21.1
Oman,2015,Asia,4267341,35803.65721,21.9
Pakistan,2000,Asia,142343583,2951.413309,3.5
Pakistan,2001,Asia,145978408,3047.3602,3.6
Pakistan,2002,Asia,149549695,3096.723898,3.8
Pakistan,2003,Asia,153093371,3262.952601,4.0
Pakistan,2004,Asia,156664698,3521.261223,4.2
Pakistan,2005,Asia,160304007,3780.600005,4.4
Pakistan,2006,Asia,164022626,4033.583711,4.7
Pakistan,2007,Asia,167808106,4244.829829,4.9
Pakistan,2008,Asia,171648984,4301.397167,5.2
Pakistan,2009,Asia,175525610,4353.232665,5.4
Pakistan,2010,Asia,179424643,4379.058818,5.7
Pakistan,2011,Asia,183340168,4494.809312,6.0
Pakistan,2012,Asia,187280125,4523.142308,6.3
Pakistan,2013,Asia,191260799,4618.694924,6.6
Pakistan,2014,Asia,195305012,4770.644237,7.0
Pakistan,2015,Asia,199426953,4921.89157,7.4
Panama,2000,North America,3030333,8358.224817,13.6
Panama,2001,North America,3089641,8430.61276,14.2
Panama,2002,North America,3149195,8587.342153,14.7
Panama,2003,North America,3209056,8954.872323,15.3
Panama,2004,North America,3269356,9704.577668,15.8
Panama,2005,North America,3330222,10532.57755,16.3
Panama,2006,North America,3391673,11583.27572,16.9
Panama,2007,North America,3453671,13082.82258,17.4
Panama,2008,North America,3516204,14387.3688,18.0
Panama,2009,North America,3579215,14401.48823,18.5
Panama,2010,North America,3642691,15155.19717,19.0
Panama,2011,North America,3706479,16923.94652,19.6
Panama,2012,North America,3770635,18679.51395,20.2
Panama,2013,North America,3835447,20809.85514,20.8
Panama,2014,North America,3901311,22897.40264,21.3
Panama,2015,North America,3968490,25319.2167,21.9
Paraguay,2000,South America,5323202,6646.612527,11.1
Paraguay,2001,South America,5428442,6609.011671,11.5
Paraguay,2002,South America,5531958,6585.007752,11.9
Paraguay,2003,South America,5632983,6879.472751,12.4
Paraguay,2004,South America,5730556,7225.607808,12.8
Paraguay,2005,South America,5824095,7488.941084,13.3
Paraguay,2006,South America,5913212,7969.188901,13.8
Paraguay,2007,South America,5998430,8505.714498,14.2
Paraguay,2008,South America,6081296,9106.203424,14.7
Paraguay,2009,South America,6163970,9018.039513,15.2
Paraguay,2010,South America,6248017,10002.62682,15.7
Paraguay,2011,South America,6333981,10503.59585,16.2
Paraguay,2012,South America,6421510,10018.72363,16.7
Paraguay,2013,South America,6510273,11062.55873,17.3
Paraguay,2014,South America,6599524,11454.42888,17.8
Paraguay,2015,South America,6688746,11486.52319,18.4
Peru,2000,South America,26459944,5037.537159,12.3
Peru,2001,South America,26799289,5117.230543,12.6
Peru,2002,South America,27100964,5419.39799,13.0
Peru,2003,South America,27372217,5699.483153,13.4
Peru,2004,South America,27624226,6086.620457,13.8
Peru,2005,South America,27866140,6614.108142,14.2
Peru,2006,South America,28102055,7269.979011,14.6
Peru,2007,South America,28333050,8036.41525,15.0
Peru,2008,South America,28562321,8866.318061,15.4
Peru,2009,South America,28792663,8948.761452,15.9
Peru,2010,South America,29027680,9731.487772,16.3
Peru,2011,South America,29264314,10476.79633,16.7
Peru,2012,South America,29506790,10767.67733,17.2
Peru,2013,South America,29773986,11295.96326,17.7
Peru,2014,South America,30090372,11510.27888,18.1
Peru,2015,South America,30470739,11572.32079,18.6
Philippines,2000,Asia,77991757,3435.630849,2.9
Philippines,2001,Asia,79672869,3543.768597,3.0
Philippines,2002,Asia,81365260,3655.106486,3.2
Philippines,2003,Asia,83051970,3837.297649,3.3
Philippines,2004,Asia,84710544,4116.937566,3.5
Philippines,2005,Asia,86326251,4372.500231,3.6
Philippines,2006,Asia,87888675,4662.660671,3.8
Philippines,2007,Asia,89405482,5014.31919,4.0
Philippines,2008,Asia,90901967,5244.727884,4.2
Philippines,2009,Asia,92414161,5267.170014,4.4
Philippines,2010,Asia,93966784,5626.897925,4.6
Philippines,2011,Asia,95570049,5865.343551,4.8
Philippines,2012,Asia,97212639,6296.827614,5.0
Philippines,2013,Asia,98871558,6614.683524,5.2
Philippines,2014,Asia,100513137,6960.900716,5.5
Philippines,2015,Asia,102113206,7186.76928,5.7
Poland,2000,Europe,38258629,10672.12109,18.6
Poland,2001,Europe,38248076,11119.71515,18.9
Poland,2002,Europe,38230364,11804.26626,19.2
Poland,2003,Europe,38204570,12288.46287,19.6
Poland,2004,Europe,38182222,13353.6821,19.9
Poland,2005,Europe,38165445,13896.79338,20.3
Poland,2006,Europe,38141267,15152.33608,20.7
Poland,2007,Europe,38120560,16802.83391,21.1
Poland,2008,Europe,38125759,18303.35292,21.6
Poland,2009,Europe,38151603,19239.92847,22.0
Poland,2010,Europe,38042794,21072.52658,22.5
Poland,2011,Europe,38063255,22827.69814,22.9
Poland,2012,Europe,38063164,23745.6978,23.4
Poland,2013,Europe,38040196,24567.50617,24.0
Poland,2014,Europe,38011735,25475.50469,24.5
Poland,2015,Europe,37986412,26862.05252,25.0
Portugal,2000,Europe,10289898,18876.65948,14.6
Portugal,2001,Europe,10362722,19524.88674,15.1
Portugal,2002,Europe,10419631,20356.6473,15.6
Portugal,2003,Europe,10458821,20851.08854,16.1
Portugal,2004,Europe,10483861,21477.82618,16.6
Portugal,2005,Europe,10503330,22725.27749,17.1
Portugal,2006,Europe,10522288,24682.71885,17.7
Portugal,2007,Europe,10542964,25733.12709,18.2
Portugal,2008,Europe,10558177,26665.8373,18.8
Portugal,2009,Europe,10568247,26458.91104,19.3
Portugal,2010,Europe,10573100,27261.95345,19.9
Portugal,2011,Europe,10557560,26769.51189,20.4
Portugal,2012,Europe,10514844,26438.0163,21.0
Portugal,2013,Europe,10457295,27936.03966,21.5
Portugal,2014,Europe,10401062,28742.44038,22.1
Portugal,2015,Europe,10358076,29660.89607,22.7
Qatar,2000,Asia,592467,96713.10551,26.0
Qatar,2001,Asia,615013,98980.35855,26.7
Qatar,2002,Asia,640872,103395.3254,27.5
Qatar,2003,Asia,681791,102794.7706,28.1
Qatar,2004,Asia,753332,113889.9861,28.4
Qatar,2005,Asia,865410,109910.4023,28.5
Qatar,2006,Asia,1022704,120966.6439,28.4
Qatar,2007,Asia,1218441,123032.9463,28.5
Qatar,2008,Asia,1436670,125130.0112,28.7
Qatar,2009,Asia,1654944,122393.8235,29.0
Qatar,2010,Asia,1856329,132062.4619,29.5
Qatar,2011,Asia,2035862,139358.9653,30.0
Qatar,2012,Asia,2196078,141634.7038,30.6
Qatar,2013,Asia,2336579,138229.769,31.3
Qatar,2014,Asia,2459202,129068.5789,32.0
Qatar,2015,Asia,2565708,92968.2321,32.9
Romania,2000,Europe,22442971,5848.084955,17.0
Romania,2001,Europe,22131970,6518.675292,17.3
Romania,2002,Europe,21730496,7162.365778,17.6
Romania,2003,Europe,21574326,7559.975349,18.0
Romania,2004,Europe,21451748,8990.32565,18.3
Romania,2005,Europe,21319685,9602.104759,18.7
Romania,2006,Europe,21193760,11556.62425,19.1
Romania,2007,Europe,20882982,13700.09357,19.6
Romania,2008,Europe,20537875,16782.22907,20.0
Romania,2009,Europe,20367487,16631.85819,20.5
Romania,2010,Europe,20246871,16976.25909,21.0
Romania,2011,Europe,20147528,17896.27586,21.5
Romania,2012,Europe,20058035,18869.56897,22.1
Romania,2013,Europe,19983693,19781.92571,22.7
Romania,2014,Europe,19908979,20657.67329,23.3
Romania,2015,Europe,19815616,21605.83562,23.9
Russian Federation,2000,Europe,146596869,6825.391602,20.5
Russian Federation,2001,Europe,145976482,7361.36377,20.7
Russian Federation,2002,Europe,145306497,8037.474609,20.9
Russian Federation,2003,Europe,144648618,9254.537109,21.1
Russian Federation,2004,Europe,144067316,10226.7666,21.4
Russian Federation,2005,Europe,143518814,11822.34668,21.6
Russian Federation,2006,Europe,143049637,14912.23438,21.9
Russian Federation,2007,Europe,142805114,16648.24219,22.2
Russian Federation,2008,Europe,142742366,20163.60938,22.5
Russian Federation,2009,Europe,142785349,19389.94141,22.8
Russian Federation,2010,Europe,142849468,20490.12695,23.2
Russian Federation,2011,Europe,142960908,22798.67383,23.5
Russian Federation,2012,Europe,143201721,24303.47266,23.9
Russian Federation,2013,Europe,143506995,26073.875,24.4
Russian Federation,2014,Europe,143819667,25761.64844,24.8
Russian Federation,2015,Europe,144096870,24085.32422,25.2
Saudi Arabia,2000,Asia,20663840,39837.30868,23.4
Saudi Arabia,2001,Asia,21202646,39219.0013,24.0
Saudi Arabia,2002,Asia,21805322,37637.52741,24.6
Saudi Arabia,2003,Asia,22456645,41456.77287,25.2
Saudi Arabia,2004,Asia,23132686,44614.43668,25.8
Saudi Arabia,2005,Asia,23816175,47184.06644,26.5
Saudi Arabia,2006,Asia,24498313,48604.13819,27.1
Saudi Arabia,2007,Asia,25184589,49454.3482,27.8
Saudi Arabia,2008,Asia,25888535,52096.73332,28.5
Saudi Arabia,2009,Asia,26630303,49920.62755,29.2
Saudi Arabia,2010,Asia,27421468,51535.46797,30.0
Saudi Arabia,2011,Asia,28267591,56133.14419,30.8
Saudi Arabia,2012,Asia,29154906,57364.98511,31.6
Saudi Arabia,2013,Asia,30052058,55908.24993,32.4
Saudi Arabia,2014,Asia,30916603,55726.10231,33.3
Saudi Arabia,2015,Asia,31717676,48611.11934,34.1
Senegal,2000,Africa,9797731,1997.199594,3.8
Senegal,2001,Africa,10036102,2079.635685,4.0
Senegal,2002,Africa,10283694,2062.613411,4.1
Senegal,2003,Africa,10541470,2166.669121,4.3
Senegal,2004,Africa,10810086,2270.285774,4.5
Senegal,2005,Africa,11090123,2380.728085,4.7
Senegal,2006,Africa,11382272,2446.929044,4.9
Senegal,2007,Africa,11687078,2516.710086,5.1
Senegal,2008,Africa,12004700,2589.5867,5.3
Senegal,2009,Africa,12335092,2606.182642,5.5
Senegal,2010,Africa,12678143,2653.151604,5.7
Senegal,2011,Africa,13033814,2669.517086,6.0
Senegal,2012,Africa,13401990,2739.419,6.2
Senegal,2013,Africa,13782429,2742.420736,6.5
Senegal,2014,Africa,14174740,2830.697309,6.8
Senegal,2015,Africa,14578450,2971.346817,7.1
Serbia,2000,Europe,7516346,6019.114926,16.5
Serbia,2001,Europe,7503433,6481.992612,16.8
Serbia,2002,Europe,7496522,7224.61832,17.2
Serbia,2003,Europe,7480591,7645.785777,17.5
Serbia,2004,Europe,7463157,8487.604645,17.9
Serbia,2005,Europe,7440769,9181.688301,18.4
Serbia,2006,Europe,7411569,10209.18352,18.8
Serbia,2007,Europe,7381579,11236.22508,19.2
Serbia,2008,Europe,7350222,12632.07784,19.7
Serbia,2009,Europe,7320807,12533.96547,20.2
Serbia,2010,Europe,7291436,12798.27213,20.6
Serbia,2011,Europe,7234099,13746.92502,21.1
Serbia,2012,Europe,7199077,13933.84462,21.6
Serbia,2013,Europe,7164132,14629.0068,22.0
Serbia,2014,Europe,7130576,14659.57951,22.5
Serbia,2015,Europe,7095383,14928.46704,23.0
Slovak Republic,2000,Europe,5388720,11376.55592,15.9
Slovak Republic,2001,Europe,5378867,12385.98843,16.2
Slovak Republic,2002,Europe,5376912,13312.20331,16.5
Slovak Republic,2003,Europe,5373374,14181.12184,16.9
Slovak Republic,2004,Europe,5372280,15226.33843,17.2
Slovak Republic,2005,Europe,5372807,16639.39412,17.6
Slovak Republic,2006,Europe,5373054,18914.02796,17.9
Slovak Republic,2007,Europe,5374622,21222.38033,18.3
Slovak Republic,2008,Europe,5379233,23725.85776,18.7
Slovak Republic,2009,Europe,5386406,23080.58654,19.1
Slovak Republic,2010,Europe,5391428,25302.23272,19.5
Slovak Republic,2011,Europe,5398384,26145.88938,20.0
Slovak Republic,2012,Europe,5407579,26888.3481,20.4
Slovak Republic,2013,Europe,5413393,27915.43321,20.9
Slovak Republic,2014,Europe,5418649,28929.52636,21.4
Slovak Republic,2015,Europe,5423801,29964.88861,21.9
Slovenia,2000,Europe,1988925,18001.22916,16.1
Slovenia,2001,Europe,1992060,18948.20389,16.4
Slovenia,2002,Europe,1994530,20241.52568,16.8
Slovenia,2003,Europe,1995733,21112.37522,17.1
Slovenia,2004,Europe,1997012,22760.94697,17.5
Slovenia,2005,Europe,2000474,23852.64304,17.9
Slovenia,2006,Europe,2006868,25720.44955,18.2
Slovenia,2007,Europe,2018122,27570.14519,18.6
Slovenia,2008,Europe,2021316,29604.29147,19.0
Slovenia,2009,Europe,2039669,27537.75846,19.4
Slovenia,2010,Europe,2048583,27826.87234,19.8
Slovenia,2011,Europe,2052843,28931.38332,20.2
Slovenia,2012,Europe,2057159,29042.82027,20.6
Slovenia,2013,Europe,2059953,29973.69935,21.1
Slovenia,2014,Europe,2061980,30870.02367,21.6
Slovenia,2015,Europe,2063531,31628.24718,22.0
South Africa,2000,Africa,44967713,8488.86281,18.1
South Africa,2001,Africa,45571272,8796.410016,18.6
South Africa,2002,Africa,46150913,9147.724038,19.1
South Africa,2003,Africa,46719203,9486.546193,19.6
South Africa,2004,Africa,47291610,10061.59736,20.1
South Africa,2005,Africa,47880595,10790.33064,20.6
South Africa,2006,Africa,48489464,11599.10318,21.1
South Africa,2007,Africa,49119766,12390.08682,21.7
South Africa,2008,Africa,49779472,12857.98651,22.2
South Africa,2009,Africa,50477013,12565.29277,22.8
South Africa,2010,Africa,51216967,12913.54048,23.3
South Africa,2011,Africa,52003759,13393.76689,23.9
South Africa,2012,Africa,52832659,13215.70868,24.5
South Africa,2013,Africa,53687125,13606.9429,25.1
South Africa,2014,Africa,54544184,13602.10264,25.8
South Africa,2015,Africa,55386369,13701.94539,26.4
Spain,2000,Europe,40567864,21584.2512,19.6
Spain,2001,Europe,40850412,22949.18185,20.0
Spain,2002,Europe,41431558,24371.59885,20.4
Spain,2003,Europe,42187645,25046.1107,20.8
Spain,2004,Europe,42921895,26143.63217,21.2
Spain,2005,Europe,43653155,27606.93405,21.6
Spain,2006,Europe,44397319,30720.22221,22.1
Spain,2007,Europe,45226803,32469.53045,22.5
Spain,2008,Europe,45954106,33263.2724,23.0
Spain,2009,Europe,46362946,32092.36482,23.5
Spain,2010,Europe,46576897,31682.7131,24.0
Spain,2011,Europe,46742697,31867.97324,24.5
Spain,2012,Europe,46773055,31720.12,25.0
Spain,2013,Europe,46620045,32434.0032,25.5
Spain,2014,Europe,46480882,33525.74063,26.1
Spain,2015,Europe,46444832,34903.12748,26.6
Sri Lanka,2000,Asia,18777606,4334.752235,2.0
Sri Lanka,2001,Asia,18911727,4332.964631,2.2
Sri Lanka,2002,Asia,19062476,4538.781116,2.3
Sri Lanka,2003,Asia,19224036,4862.087815,2.4
Sri Lanka,2004,Asia,19387153,5220.163181,2.6
Sri Lanka,2005,Asia,19544988,5673.714252,2.8
Sri Lanka,2006,Asia,19695977,6249.008185,2.9
Sri Lanka,2007,Asia,19842044,6803.645666,3.1
Sri Lanka,2008,Asia,19983984,7294.540702,3.3
Sri Lanka,2009,Asia,20123508,7548.39607,3.6
Sri Lanka,2010,Asia,20261738,8195.167526,3.8
Sri Lanka,2011,Asia,20398496,9007.734199,4.0
Sri Lanka,2012,Asia,20425000,10315.18025,4.3
Sri Lanka,2013,Asia,20585000,10852.06404,4.6
Sri Lanka,2014,Asia,20778000,11256.85605,4.8
Sri Lanka,2015,Asia,20970000,11557.48705,5.1
Sudan,2000,Africa,27275019,2645.417969,4.7
Sudan,2001,Africa,27971077,2801.803467,4.2
Sudan,2002,Africa,28704786,2933.361084,3.2
Sudan,2003,Africa,29460517,3091.736572,3.7
Sudan,2004,Africa,30214189,3245.959961,4.9
Sudan,2005,Africa,30949514,3439.460693,4.1
Sudan,2006,Africa,31661824,3673.709961,3.8
Sudan,2007,Africa,32360619,3880.858398,4.9
Sudan,2008,Africa,33060844,3997.180908,5.1
Sudan,2009,Africa,33783779,3808.653564,4.5
Sudan,2010,Africa,34545014,3900.696533,5.6
Sudan,2011,Africa,35349676,4216.373535,5.3
Sudan,2012,Africa,36193781,3805.895752,5.6
Sudan,2013,Africa,37072555,3838.360107,5.0
Sudan,2014,Africa,37977657,4427.44873,5.2
Sudan,2015,Africa,38902948,4434.475098,7.3
Sweden,2000,Europe,8872109,29618.27926,15.7
Sweden,2001,Europe,8895960,29927.59927,16.2
Sweden,2002,Europe,8924958,30926.5056,16.6
Sweden,2003,Europe,8958229,31814.86351,16.9
Sweden,2004,Europe,8993531,33858.61143,17.3
Sweden,2005,Europe,9029572,34244.46502,17.7
Sweden,2006,Europe,9080505,37730.16375,18.1
Sweden,2007,Europe,9148092,40905.14587,18.5
Sweden,2008,Europe,9219637,42158.2957,18.8
Sweden,2009,Europe,9298515,40279.4616,19.2
Sweden,2010,Europe,9378126,42223.91967,19.6
Sweden,2011,Europe,9449213,44608.58026,20.0
Sweden,2012,Europe,9519374,45432.43197,20.4
Sweden,2013,Europe,9600379,46312.39238,20.8
Sweden,2014,Europe,9696110,47184.66913,21.2
Sweden,2015,Europe,9799186,49103.13343,21.6
Switzerland,2000,Europe,7184250,36772.69462,14.9
Switzerland,2001,Europe,7229854,37896.69696,15.3
Switzerland,2002,Europe,7284753,38814.37174,15.7
Switzerland,2003,Europe,7339001,38840.88188,16.1
Switzerland,2004,Europe,7389625,40336.40896,16.5
Switzerland,2005,Europe,7437115,41749.21645,16.8
Switzerland,2006,Europe,7483934,46502.92827,17.2
Switzerland,2007,Europe,7551117,51208.09883,17.6
Switzerland,2008,Europe,7647675,54096.80786,18.0
Switzerland,2009,Europe,7743831,53354.00464,18.4
Switzerland,2010,Europe,7824909,54858.44808,18.8
Switzerland,2011,Europe,7912398,57987.50203,19.2
Switzerland,2012,Europe,7996861,59933.59868,19.6
Switzerland,2013,Europe,8089346,62225.08727,19.9
Switzerland,2014,Europe,8188649,64103.01045,20.4
Switzerland,2015,Europe,8282396,66020.20434,20.8
Tajikistan,2000,Asia,6216329,1047.402595,6.6
Tajikistan,2001,Asia,6318510,1154.631566,6.8
Tajikistan,2002,Asia,6426861,1277.366092,7.0
Tajikistan,2003,Asia,6541550,1420.510177,7.3
Tajikistan,2004,Asia,6662391,1579.701061,7.5
Tajikistan,2005,Asia,6789318,1705.897106,7.8
Tajikistan,2006,Asia,6922590,1845.406705,8.1
Tajikistan,2007,Asia,7062667,2002.589174,8.4
Tajikistan,2008,Asia,7209924,2157.257323,8.8
Tajikistan,2009,Asia,7364752,2208.33427,9.1
Tajikistan,2010,Asia,7527397,2328.712759,9.5
Tajikistan,2011,Asia,7697507,2496.582204,10.0
Tajikistan,2012,Asia,7874838,2750.355063,10.4
Tajikistan,2013,Asia,8059782,3027.814126,10.9
Tajikistan,2014,Asia,8252828,3303.098197,11.4
Tajikistan,2015,Asia,8454019,3150.427114,12.0
Tanzania,2000,Africa,33499177,1189.930176,3.1
Tanzania,2001,Africa,34385849,1257.40979,3.3
Tanzania,2002,Africa,35334790,1330.949707,3.5
Tanzania,2003,Africa,36337778,1407.893555,3.6
Tanzania,2004,Africa,37379766,1510.924316,3.8
Tanzania,2005,Africa,38450323,1628.262207,4.0
Tanzania,2006,Africa,39548666,1738.578003,4.2
Tanzania,2007,Africa,40681416,1853.434326,4.5
Tanzania,2008,Africa,41853944,1940.570923,4.7
Tanzania,2009,Africa,43073830,1997.795288,5.0
Tanzania,2010,Africa,44346532,2088.32666,5.2
Tanzania,2011,Africa,45673520,2228.696533,5.5
Tanzania,2012,Africa,47053033,2099.429688,5.8
Tanzania,2013,Africa,48483132,2194.884766,6.1
Tanzania,2014,Africa,49960563,2243.592529,6.4
Tanzania,2015,Africa,51482638,2348.443604,6.8
Thailand,2000,Asia,62952639,7294.594419,3.7
Thailand,2001,Asia,63539190,7644.615099,3.9
Thailand,2002,Asia,64069093,8172.994164,4.2
Thailand,2003,Asia,64549867,8866.93177,4.5
Thailand,2004,Asia,64995303,9611.274226,4.8
Thailand,2005,Asia,65416189,10261.32491,5.1
Thailand,2006,Asia,65812540,11036.56937,5.5
Thailand,2007,Asia,66182064,11884.17388,5.9
Thailand,2008,Asia,66530980,12256.50575,6.4
Thailand,2009,Asia,66866834,12188.34839,6.8
Thailand,2010,Asia,67195032,13196.8176,7.3
Thailand,2011,Asia,67518379,13519.12902,7.9
Thailand,2012,Asia,67835969,14870.97555,8.4
Thailand,2013,Asia,68144519,15407.6654,9.0
Thailand,2014,Asia,68438748,15480.21079,9.5
Thailand,2015,Asia,68714519,15822.37099,10.1
Togo,2000,Africa,4924406,971.3498496,3.3
Togo,2001,Africa,5062571,974.0825514,3.5
Togo,2002,Africa,5197040,1000.54349,3.7
Togo,2003,Africa,5330629,1061.56804,3.9
Togo,2004,Africa,5467770,1052.323659,4.0
Togo,2005,Africa,5611643,1008.150877,4.2
Togo,2006,Africa,5762881,1038.803391,4.4
Togo,2007,Africa,5920360,1026.295245,4.7
Togo,2008,Africa,6083417,1059.294399,4.9
Togo,2009,Africa,6250840,1094.9874,5.1
Togo,2010,Africa,6421674,1144.45785,5.4
Togo,2011,Africa,6595939,1210.142847,5.6
Togo,2012,Africa,6773807,1227.156159,5.9
Togo,2013,Africa,6954721,1275.325318,6.2
Togo,2014,Africa,7137997,1328.380291,6.5
Togo,2015,Africa,7323162,1397.332402,6.8
Trinidad and Tobago,2000,North America,1267159,14530.70725,10.2
Trinidad and Tobago,2001,North America,1271627,15423.05801,10.6
Trinidad and Tobago,2002,North America,1277210,16832.68938,11.1
Trinidad and Tobago,2003,North America,1283564,19546.43883,11.6
Trinidad and Tobago,2004,North America,1290115,21556.79073,12.1
Trinidad and Tobago,2005,North America,1296497,23496.95704,12.6
Trinidad and Tobago,2006,North America,1302552,27293.7584,13.1
Trinidad and Tobago,2007,North America,1308450,29231.68796,13.6
Trinidad and Tobago,2008,North America,1314449,30662.22909,14.2
Trinidad and Tobago,2009,North America,1320921,29358.97108,14.8
Trinidad and Tobago,2010,North America,1328144,30532.23977,15.4
Trinidad and Tobago,2011,North America,1336180,30887.9828,16.1
Trinidad and Tobago,2012,North America,1344814,30084.91906,16.7
Trinidad and Tobago,2013,North America,1353708,30088.48642,17.4
Trinidad and Tobago,2014,North America,1362337,29727.2398,18.2
Trinidad and Tobago,2015,North America,1370332,27651.72817,18.9
Tunisia,2000,Africa,9708347,6314.807297,16.7
Tunisia,2001,Africa,9793915,6643.648894,17.2
Tunisia,2002,Africa,9871261,6782.861075,17.8
Tunisia,2003,Africa,9945282,7188.078948,18.4
Tunisia,2004,Africa,10022278,7781.061608,18.9
Tunisia,2005,Africa,10106778,8235.424799,19.5
Tunisia,2006,Africa,10201211,8852.0262,20.1
Tunisia,2007,Africa,10304729,9603.778707,20.7
Tunisia,2008,Africa,10414425,10095.29907,21.4
Tunisia,2009,Africa,10525691,10358.55101,22.0
Tunisia,2010,Africa,10635245,10683.30968,22.7
Tunisia,2011,Africa,10741872,10576.05361,23.4
Tunisia,2012,Africa,10846993,10731.35653,24.1
Tunisia,2013,Africa,10952949,10769.9831,24.9
Tunisia,2014,Africa,11063195,11024.75012,25.7
Tunisia,2015,Africa,11179951,10825.1015,26.4
Turkiye,2000,Asia,63240196,9628.914702,20.5
Turkiye,2001,Asia,64192243,9280.253197,21.1
Turkiye,2002,Asia,65145357,9401.231328,21.8
Turkiye,2003,Asia,66089402,9699.923864,22.4
Turkiye,2004,Asia,67010930,10979.76904,23.1
Turkiye,2005,Asia,67903461,12003.84793,23.8
Turkiye,2006,Asia,68756809,13748.43653,24.5
Turkiye,2007,Asia,69581854,14986.14915,25.2
Turkiye,2008,Asia,70418612,16182.48051,25.9
Turkiye,2009,Asia,71321406,15597.99694,26.7
Turkiye,2010,Asia,72326992,17542.1975,27.4
Turkiye,2011,Asia,73443254,19799.11568,28.2
Turkiye,2012,Asia,74651046,20772.49895,29.0
Turkiye,2013,Asia,75925454,22438.71425,29.8
Turkiye,2014,Asia,77229262,24090.23604,30.6
Turkiye,2015,Asia,78529413,25753.39051,31.4
Ukraine,2000,Europe,49176500,4260.276855,20.4
Ukraine,2001,Europe,48662400,4789.681641,20.6
Ukraine,2002,Europe,48202470,5172.960449,20.9
Ukraine,2003,Europe,47812949,5824.124512,21.1
Ukraine,2004,Europe,47451626,6736.79541,21.4
Ukraine,2005,Europe,47105171,7214.111816,21.7
Ukraine,2006,Europe,46787786,8054.040039,22.0
Ukraine,2007,Europe,46509355,9004.879883,22.3
Ukraine,2008,Europe,46258189,9434.435547,22.6
Ukraine,2009,Europe,46053331,8093.555664,23.0
Ukraine,2010,Europe,45870741,8559.929688,23.3
Ukraine,2011,Europe,45706086,9246.769531,23.7
Ukraine,2012,Europe,45593342,9705.358398,24.2
Ukraine,2013,Europe,45489648,11111.05176,24.6
Ukraine,2014,Europe,45272155,10743.58594,25.1
Ukraine,2015,Europe,45154036,10164.32715,25.6
United Kingdom,2000,Europe,58892514,26472.19371,19.8
United Kingdom,2001,Europe,59119673,27807.16932,20.3
United Kingdom,2002,Europe,59370479,29062.12387,20.9
United Kingdom,2003,Europe,59647577,30355.28338,21.5
United Kingdom,2004,Europe,59987905,32058.41549,22.1
United Kingdom,2005,Europe,60401206,32747.35401,22.7
United Kingdom,2006,Europe,60846820,34845.59177,23.2
United Kingdom,2007,Europe,61322463,35695.29849,23.8
United Kingdom,2008,Europe,61806995,36863.58476,24.4
United Kingdom,2009,Europe,62276270,35212.42048,25.0
United Kingdom,2010,Europe,62766365,36576.58654,25.7
United Kingdom,2011,Europe,63258810,37379.29097,26.3
United Kingdom,2012,Europe,63700215,38514.02617,26.9
United Kingdom,2013,Europe,64128273,40218.74726,27.5
United Kingdom,2014,Europe,64602298,41580.60249,28.2
United Kingdom,2015,Europe,65116219,42912.87509,28.9
United States,2000,North America,282162411,36329.95607,26.1
United States,2001,North America,284968955,37133.62311,26.9
United States,2002,North America,287625193,37997.75966,27.7
United States,2003,North America,290107933,39490.27496,28.4
United States,2004,North America,292805298,41724.63163,29.2
United States,2005,North America,295516599,44123.40707,29.9
United States,2006,North America,298379912,46302.00088,30.6
United States,2007,North America,301231207,48050.22378,31.3
United States,2008,North America,304093966,48570.04598,32.0
United States,2009,North America,306771529,47194.94335,32.7
United States,2010,North America,309327143,48650.64313,33.4
United States,2011,North America,311583481,50065.9665,34.0
United States,2012,North America,313877662,51784.41857,34.7
United States,2013,North America,316059947,53291.12769,35.4
United States,2014,North America,318386329,55123.84979,36.0
United States,2015,North America,320738994,56762.72945,36.7
Uruguay,2000,South America,3319734,10243.44932,21.0
Uruguay,2001,South America,3325471,10054.21117,21.4
Uruguay,2002,South America,3326046,9419.772222,21.9
Uruguay,2003,South America,3323661,9689.982157,22.4
Uruguay,2004,South America,3321486,10454.86147,22.9
Uruguay,2005,South America,3321799,11586.01995,23.4
Uruguay,2006,South America,3325403,12419.5558,23.9
Uruguay,2007,South America,3331753,13563.6798,24.4
Uruguay,2008,South America,3340221,14778.27902,24.9
Uruguay,2009,South America,3349676,15460.37311,25.4
Uruguay,2010,South America,3359273,16818.92257,25.9
Uruguay,2011,South America,3368926,18002.89383,26.4
Uruguay,2012,South America,3378975,18192.3297,26.8
Uruguay,2013,South America,3389436,19130.0614,27.3
Uruguay,2014,South America,3400439,20093.62407,27.8
Uruguay,2015,South America,3412013,20217.56044,28.4
Venezuela,2000,South America,23739835,11278.60833,18.1
Venezuela,2001,South America,24192449,11735.6406,18.6
Venezuela,2002,South America,24646471,12178.78816,19.0
Venezuela,2003,South America,25100407,11069.40388,19.4
Venezuela,2004,South America,25551624,10228.58739,19.9
Venezuela,2005,South America,25996594,12211.18451,20.3
Venezuela,2006,South America,26432445,13664.46056,20.7
Venezuela,2007,South America,26850190,15235.89658,21.1
Venezuela,2008,South America,27247601,16769.17872,21.6
Venezuela,2009,South America,27635827,17740.06596,22.0
Venezuela,2010,South America,28031010,17038.39662,22.4
Venezuela,2011,South America,28439942,16742.20335,22.9
Venezuela,2012,South America,28887873,17527.74874,23.3
Venezuela,2013,South America,29360827,17534.69,23.8
Venezuela,2014,South America,29781046,17618.922,24.3
Venezuela,2015,South America,30042973,17743.684,24.7
Yemen,2000,Asia,16921157,2801.734275,7.4
Yemen,2001,Asia,17409071,2957.067963,7.7
Yemen,2002,Asia,17918369,3049.487731,8.0
Yemen,2003,Asia,18443684,3127.208899,8.3
Yemen,2004,Asia,18985001,3214.096446,8.6
Yemen,2005,Asia,19540096,3334.008069,8.9
Yemen,2006,Asia,20107416,3528.390136,9.2
Yemen,2007,Asia,20687648,3647.328071,9.6
Yemen,2008,Asia,21282514,3762.755487,10.0
Yemen,2009,Asia,21892149,3864.116927,10.4
Yemen,2010,Asia,22516464,3927.241241,10.8
Yemen,2011,Asia,23154854,4162.544887,11.3
Yemen,2012,Asia,23807586,3607.090566,11.8
Yemen,2013,Asia,24473176,3491.20461,12.3
Yemen,2014,Asia,25147112,3688.519409,12.9
Yemen,2015,Asia,25823488,3697.704,13.5
Zimbabwe,2000,Africa,11881482,2270.017301,8.3
Zimbabwe,2001,Africa,11923906,2346.19815,8.5
Zimbabwe,2002,Africa,11954293,2165.322628,8.8
Zimbabwe,2003,Africa,11982219,1828.52486,9.0
Zimbabwe,2004,Africa,12019911,1763.021151,9.2
Zimbabwe,2005,Africa,12076697,1706.3998,9.4
Zimbabwe,2006,Africa,12155496,1687.154196,9.7
Zimbabwe,2007,Africa,12255920,1655.767655,9.9
Zimbabwe,2008,Africa,12379553,1375.481106,10.1
Zimbabwe,2009,Africa,12526964,1532.436098,10.3
Zimbabwe,2010,Africa,12697728,1831.028032,10.6
Zimbabwe,2011,Africa,12894323,2101.824051,10.8
Zimbabwe,2012,Africa,13115149,2375.927006,11.1
Zimbabwe,2013,Africa,13350378,2560.773267,11.3
Zimbabwe,2014,Africa,13586710,2612.455954,11.6
Zimbabwe,2015,Africa,13814642,2679.507615,11.9
